"id","respondent_type","instansi","unitkerja","target","data_populasi","data_clean","data_blast","data_blast_email","perolehan","perolehan_capi","perolehan_qrcode","persentase_capaian_target","persentase_response_rate_online","persentase_target_dari_populasi","persentase_clean_dari_populasi","jumlah_capi","jumlah_qr"
NA,"INTERNAL","ARSIP NASIONAL REPUBLIK INDONESIA (ANRI)","TOTAL",268,578,572,521,0,385,0,0,143.66,73.9,46.37,98.96,0,0
NA,"INTERNAL","BADAN AMIL ZAKAT NASIONAL","TOTAL",119,157,136,132,0,74,0,0,62.18,56.06,75.8,86.62,0,0
NA,"INTERNAL","BADAN INFORMASI GEOSPASIAL (BIG)","TOTAL",285,663,642,600,0,301,0,0,105.61,50.17,42.99,96.83,0,0
NA,"INTERNAL","BADAN INTELIJEN NEGARA (BIN)","TOTAL",30,0,0,0,0,0,0,0,0,0,Inf,NA,0,0
NA,"INTERNAL","BADAN KARANTINA INDONESIA","TOTAL",30,0,0,0,0,0,0,0,0,0,Inf,NA,0,0
NA,"INTERNAL","BADAN KEAMANAN LAUT REPUBLIK INDONESIA","TOTAL",386,1670,898,869,21,330,0,0,85.49,37.08,23.11,53.77,0,0
NA,"INTERNAL","BADAN KEPEGAWAIAN NEGARA (BKN)","TOTAL",413,2344,2331,2221,0,563,0,0,136.32,25.35,17.62,99.45,0,0
NA,"INTERNAL","BADAN KEPENDUDUKAN DAN KELUARGA BERENCANA NASIONAL (BKKBN)","TOTAL",490,21485,20324,18240,6,5953,0,0,1214.9,32.63,2.28,94.6,0,0
NA,"INTERNAL","BADAN METEOROLOGI KLIMATOLOGI DAN GEOFISIKA (BMKG)","TOTAL",448,4227,4072,1862,1359,675,0,0,150.67,20.96,10.6,96.33,0,0
NA,"INTERNAL","BADAN NARKOTIKA NASIONAL (BNN)","TOTAL",461,5603,2781,2319,39,548,0,0,118.87,23.24,8.23,49.63,0,0
NA,"INTERNAL","BADAN NASIONAL PENANGGULANGAN BENCANA (BNPB)","TOTAL",96,120,120,112,0,100,0,0,104.17,89.29,80,100,0,0
NA,"INTERNAL","BADAN NASIONAL PENANGGULANGAN TERORISME (BNPT)","TOTAL",280,633,595,526,0,196,0,0,70,37.26,44.23,94,0,0
NA,"INTERNAL","BADAN NASIONAL PENCARIAN DAN PERTOLONGAN (BASARNAS)","TOTAL",448,4234,3508,3393,8,1093,0,0,243.97,32.14,10.58,82.85,0,0
NA,"INTERNAL","BADAN NASIONAL PENGELOLA PERBATASAN (BNPP)","TOTAL",227,417,411,378,0,245,0,0,107.93,64.81,54.44,98.56,0,0
NA,"INTERNAL","BADAN NASIONAL SERTIFIKASI PROFESI","TOTAL",62,71,64,91,0,51,0,0,82.26,56.04,87.32,90.14,0,0
NA,"INTERNAL","BADAN PANGAN NASIONAL","TOTAL",30,0,0,0,0,0,0,0,0,0,Inf,NA,0,0
NA,"INTERNAL","BADAN PELINDUNGAN PEKERJA MIGRAN INDONESIA","TOTAL",345,1112,886,784,1,324,0,0,93.91,41.27,31.03,79.68,0,0
NA,"INTERNAL","BADAN PEMBINAAN IDEOLOGI PANCASILA REPUBLIK INDONESIA","TOTAL",178,276,228,212,1,131,0,0,73.6,61.5,64.49,82.61,0,0
NA,"INTERNAL","BADAN PEMERIKSA KEUANGAN (BPK-RI)","TOTAL",408,8412,6857,7039,2,4507,0,0,1104.66,64.01,4.85,81.51,0,0
NA,"INTERNAL","BADAN PENGAWAS OBAT DAN MAKANAN (BPOM)","TOTAL",462,5837,4550,4462,21,2237,0,0,484.2,49.9,7.92,77.95,0,0
NA,"INTERNAL","BADAN PENGAWAS PEMILIHAN UMUM","TOTAL",482,12408,9113,7406,25,1968,0,0,408.3,26.48,3.88,73.44,0,0
NA,"INTERNAL","BADAN PENGAWAS TENAGA NUKLIR (BAPETEN)","TOTAL",229,424,378,349,3,207,0,0,90.39,58.81,54.01,89.15,0,0
NA,"INTERNAL","BADAN PENGAWASAN KEUANGAN DAN PEMBANGUNAN (BPKP)","TOTAL",461,5687,5032,2486,4,911,0,0,197.61,36.59,8.11,88.48,0,0
NA,"INTERNAL","BADAN PENGELOLA KEUANGAN HAJI (BPKH)","TOTAL",63,126,122,112,1,75,0,0,119.05,66.37,50,96.83,0,0
NA,"INTERNAL","BADAN PENGELOLA TABUNGAN PERUMAHAN RAKYAT","TOTAL",136,188,176,160,0,125,0,0,91.91,78.12,72.34,93.62,0,0
NA,"INTERNAL","BADAN PENGUSAHAAN KAWASAN PERDAGANGAN BEBAS DAN PELABUHAN BEBAS BATAM","TOTAL",370,1420,1309,1131,62,525,0,0,141.89,44.01,26.06,92.18,0,0
NA,"INTERNAL","BADAN PENYELENGGARA JAMINAN SOSIAL KESEHATAN (BPJS KESEHATAN)","TOTAL",462,5875,4344,4056,2,1965,0,0,425.32,48.42,7.86,73.94,0,0
NA,"INTERNAL","BADAN PENYELENGGARA JAMINAN SOSIAL KETENAGAKERJAAN (BPJS KETENAGAKERJAAN)","TOTAL",456,5071,919,3011,4,804,0,0,176.32,26.67,8.99,18.12,0,0
NA,"INTERNAL","BADAN PUSAT STATISTIK (BPS)","TOTAL",486,15640,15619,12612,115,9945,0,0,2046.3,78.14,3.11,99.87,0,0
NA,"INTERNAL","BADAN RISET DAN INOVASI NASIONAL (BRIN)","TOTAL",484,13754,13453,12598,118,5254,0,0,1085.54,41.32,3.52,97.81,0,0
NA,"INTERNAL","BADAN SIBER DAN SANDI NEGARA (BSSN)","TOTAL",345,1103,1090,1026,0,500,0,0,144.93,48.73,31.28,98.82,0,0
NA,"INTERNAL","BADAN STANDARDISASI NASIONAL (BSN)","TOTAL",276,614,455,467,0,287,0,0,103.99,61.46,44.95,74.1,0,0
NA,"INTERNAL","BANK INDONESIA (BI)","TOTAL",441,3672,2067,0,2491,2129,0,0,482.77,85.47,12.01,56.29,0,0
NA,"INTERNAL","BANK RAKYAT INDONESIA","TOTAL",444,3850,3833,3573,0,1008,0,0,227.03,28.21,11.53,99.56,0,0
NA,"INTERNAL","BANK TABUNGAN NEGARA","TOTAL",481,11915,11797,10744,356,2826,0,0,587.53,25.46,4.04,99.01,0,0
NA,"INTERNAL","DEWAN JAMINAN SOSIAL NASIONAL","TOTAL",20,20,20,20,0,19,0,0,95,95,100,100,0,0
NA,"INTERNAL","DEWAN KETAHANAN NASIONAL (WANTANAS)","TOTAL",65,75,75,63,0,54,0,0,83.08,85.71,86.67,100,0,0
NA,"INTERNAL","KEJAKSAAN REPUBLIK INDONESIA","TOTAL",1557,501,470,434,1,103,0,0,6.62,23.68,310.78,93.81,0,0
NA,"INTERNAL","KEMENTERIAN AGAMA","TOTAL",2169,11335,7683,6918,38,2555,0,0,117.8,36.73,19.14,67.78,0,0
NA,"INTERNAL","KEMENTERIAN AGRARIA DAN TATA RUANG / BPN","TOTAL",494,32584,19100,16789,63,9276,0,0,1877.73,55.04,1.52,58.62,0,0
NA,"INTERNAL","KEMENTERIAN BADAN USAHA MILIK NEGARA","TOTAL",250,498,351,297,2,121,0,0,48.4,40.47,50.2,70.48,0,0
NA,"INTERNAL","KEMENTERIAN DALAM NEGERI","TOTAL",450,4390,3047,2832,6,545,0,0,121.11,19.2,10.25,69.41,0,0
NA,"INTERNAL","KEMENTERIAN DESA, PEMBANGUNAN DAERAH TERTINGGAL DAN TRANSMIGRASI","TOTAL",422,2658,2634,2452,1,1950,0,0,462.09,79.49,15.88,99.1,0,0
NA,"INTERNAL","KEMENTERIAN ENERGI DAN SUMBER DAYA MINERAL","TOTAL",2286,5347,3615,3696,25,1345,0,0,58.84,36.15,42.75,67.61,0,0
NA,"INTERNAL","KEMENTERIAN HUKUM DAN HAK ASASI MANUSIA","TOTAL",3819,58025,39795,36263,83,21827,0,0,571.54,60.05,6.58,68.58,0,0
NA,"INTERNAL","KEMENTERIAN INVESTASI/BADAN KOORDINASI PENANAMAN MODAL (BKPM)","TOTAL",277,622,603,548,8,313,0,0,113,56.29,44.53,96.95,0,0
NA,"INTERNAL","KEMENTERIAN KELAUTAN DAN PERIKANAN","TOTAL",480,11670,6867,4495,2746,3839,0,0,799.79,53.02,4.11,58.84,0,0
NA,"INTERNAL","KEMENTERIAN KESEHATAN","TOTAL",2859,72850,60646,43969,239,8677,0,0,303.5,19.63,3.92,83.25,0,0
NA,"INTERNAL","KEMENTERIAN KETENAGAKERJAAN","TOTAL",449,4182,3724,3206,1,1337,0,0,297.77,41.69,10.74,89.05,0,0
NA,"INTERNAL","KEMENTERIAN KEUANGAN","TOTAL",4160,77279,51393,6384,55453,12234,0,0,294.09,19.78,5.38,66.5,0,0
NA,"INTERNAL","KEMENTERIAN KOMUNIKASI DAN INFORMATIKA","TOTAL",460,5505,3513,3459,77,1592,0,0,346.09,45.02,8.36,63.81,0,0
NA,"INTERNAL","KEMENTERIAN KOORDINATOR BIDANG KEMARITIMAN DAN INVESTASI","TOTAL",257,527,511,473,3,151,0,0,58.75,31.72,48.77,96.96,0,0
NA,"INTERNAL","KEMENTERIAN KOORDINATOR BIDANG PEMBANGUNAN MANUSIA DAN KEBUDAYAAN","TOTAL",78,93,89,134,0,76,0,0,97.44,56.72,83.87,95.7,0,0
NA,"INTERNAL","KEMENTERIAN KOORDINATOR BIDANG PEREKONOMIAN","TOTAL",266,567,540,411,0,262,0,0,98.5,63.75,46.91,95.24,0,0
NA,"INTERNAL","KEMENTERIAN KOORDINATOR BIDANG POLITIK, HUKUM DAN KEAMANAN","TOTAL",180,283,276,263,0,95,0,0,52.78,36.12,63.6,97.53,0,0
NA,"INTERNAL","KEMENTERIAN KOPERASI DAN UKM","TOTAL",292,701,686,638,1,170,0,0,58.22,26.6,41.65,97.86,0,0
NA,"INTERNAL","KEMENTERIAN LINGKUNGAN HIDUP DAN KEHUTANAN","TOTAL",4251,20185,16742,15709,198,6699,0,0,157.59,42.11,21.06,82.94,0,0
NA,"INTERNAL","KEMENTERIAN LUAR NEGERI","TOTAL",366,1361,1346,477,414,169,0,0,46.17,18.97,26.89,98.9,0,0
NA,"INTERNAL","KEMENTERIAN PARIWISATA DAN EKONOMI KREATIF/BADAN PARIWISATA DAN EKONOMI KREATIF","TOTAL",413,2353,1881,1864,2,1102,0,0,266.83,59.06,17.55,79.94,0,0
NA,"INTERNAL","KEMENTERIAN PEKERJAAN UMUM DAN PERUMAHAN RAKYAT","TOTAL",3347,35271,28101,23189,431,12084,0,0,361.04,51.16,9.49,79.67,0,0
NA,"INTERNAL","KEMENTERIAN PEMBERDAYAAN PEREMPUAN DAN PERLINDUNGAN ANAK","TOTAL",179,618,409,439,1,105,0,0,58.66,23.86,28.96,66.18,0,0
NA,"INTERNAL","KEMENTERIAN PEMUDA DAN OLAHRAGA","TOTAL",316,855,848,827,15,444,0,0,140.51,52.73,36.96,99.18,0,0
NA,"INTERNAL","KEMENTERIAN PENDAYAGUNAAN APARATUR NEGARA DAN REFORMASI BIROKRASI","TOTAL",265,563,558,420,4,288,0,0,108.68,67.92,47.07,99.11,0,0
NA,"INTERNAL","KEMENTERIAN PENDIDIKAN, KEBUDAYAAN, RISET, DAN TEKNOLOGI","TOTAL",500,120300,67160,54238,4538,9632,0,0,1926.4,16.39,0.42,55.83,0,0
NA,"INTERNAL","KEMENTERIAN PERDAGANGAN","TOTAL",426,2841,1795,1843,6,1142,0,0,268.08,61.76,14.99,63.18,0,0
NA,"INTERNAL","KEMENTERIAN PERENCANAAN PEMBANGUNAN NASIONAL","TOTAL",364,2141,1785,841,1617,344,0,0,94.51,14,17,83.37,0,0
NA,"INTERNAL","KEMENTERIAN PERHUBUNGAN","TOTAL",3271,36550,24477,21357,1360,9169,0,0,280.31,40.36,8.95,66.97,0,0
NA,"INTERNAL","KEMENTERIAN PERINDUSTRIAN","TOTAL",473,8275,4723,4479,16,1490,0,0,315.01,33.15,5.72,57.08,0,0
NA,"INTERNAL","KEMENTERIAN PERTAHANAN","TOTAL",280,634,592,549,0,272,0,0,97.14,49.54,44.16,93.38,0,0
NA,"INTERNAL","KEMENTERIAN PERTANIAN","TOTAL",477,9554,7175,6948,11,4995,0,0,1047.17,71.78,4.99,75.1,0,0
NA,"INTERNAL","KEMENTERIAN SEKRETARIAT NEGARA","TOTAL",36,39,36,39,0,23,0,0,63.89,58.97,92.31,92.31,0,0
NA,"INTERNAL","KEMENTERIAN SOSIAL","TOTAL",465,6443,3487,2836,10,1478,0,0,317.85,51.93,7.22,54.12,0,0
NA,"INTERNAL","KEPOLISIAN NEGARA REPUBLIK INDONESIA (POLRI)","TOTAL",9615,23903,22933,20886,15,13316,0,0,138.49,63.71,40.23,95.94,0,0
NA,"INTERNAL","KOMISI APARATUR SIPIL NEGARA","TOTAL",118,155,153,207,0,52,0,0,44.07,25.12,76.13,98.71,0,0
NA,"INTERNAL","KOMISI KEJAKSAAN REPUBLIK INDONESIA","TOTAL",55,62,32,28,1,22,0,0,40,75.86,88.71,51.61,0,0
NA,"INTERNAL","KOMISI KEPOLISIAN NASIONAL","TOTAL",30,32,32,30,0,16,0,0,53.33,53.33,93.75,100,0,0
NA,"INTERNAL","KOMISI NASIONAL HAK ASASI MANUSIA (KOMNAS HAM)","TOTAL",188,301,226,211,0,140,0,0,74.47,66.35,62.46,75.08,0,0
NA,"INTERNAL","KOMISI PEMBERANTASAN KORUPSI (KPK)","TOTAL",383,1625,1594,14,1532,812,0,0,212.01,52.52,23.57,98.09,0,0
NA,"INTERNAL","KOMISI PEMILIHAN UMUM (KPU)","TOTAL",481,11855,11059,9402,200,2230,0,0,463.62,23.22,4.06,93.29,0,0
NA,"INTERNAL","KOMISI PENGAWAS PERSAINGAN USAHA (KPPU)","TOTAL",196,323,319,262,34,107,0,0,54.59,36.15,60.68,98.76,0,0
NA,"INTERNAL","KOMISI PENYIARAN INDONESIA (KPI)","TOTAL",149,213,207,174,0,103,0,0,69.13,59.2,69.95,97.18,0,0
NA,"INTERNAL","KOMISI PERLINDUNGAN ANAK INDONESIA (KPAI)","TOTAL",40,46,46,45,0,30,0,0,75,66.67,86.96,100,0,0
NA,"INTERNAL","KOMISI YUDISIAL","TOTAL",149,213,200,196,0,139,0,0,93.29,70.92,69.95,93.9,0,0
NA,"INTERNAL","LEMBAGA ADMINISTRASI NEGARA (LAN)","TOTAL",305,779,752,695,0,384,0,0,125.9,55.25,39.15,96.53,0,0
NA,"INTERNAL","LEMBAGA KEBIJAKAN PENGADAAN BARANG/JASA PEMERINTAH (LKPP)","TOTAL",157,229,227,188,2,102,0,0,64.97,53.68,68.56,99.13,0,0
NA,"INTERNAL","LEMBAGA KETAHANAN NASIONAL (LEMHANAS)","TOTAL",282,644,486,403,5,288,0,0,102.13,70.59,43.79,75.47,0,0
NA,"INTERNAL","LEMBAGA PENJAMIN SIMPANAN (LPS)","TOTAL",184,292,223,216,0,204,0,0,110.87,94.44,63.01,76.37,0,0
NA,"INTERNAL","LEMBAGA PENYIARAN PUBLIK RADIO REPUBLIK INDONESIA","TOTAL",446,4068,3294,3009,5,2515,0,0,563.9,83.44,10.96,80.97,0,0
NA,"INTERNAL","LEMBAGA PENYIARAN PUBLIK TELEVISI REPUBLIK INDONESIA","TOTAL",449,4252,3705,3146,185,604,0,0,134.52,18.13,10.56,87.14,0,0
NA,"INTERNAL","LEMBAGA PERLINDUNGAN SAKSI DAN KORBAN (LPSK)","TOTAL",104,132,121,117,1,100,0,0,96.15,84.75,78.79,91.67,0,0
NA,"INTERNAL","MAHKAMAH AGUNG","TOTAL",426,32867,18361,11846,3,3096,0,0,726.76,26.13,1.3,55.86,0,0
NA,"INTERNAL","MAHKAMAH KONSTITUSI","TOTAL",181,284,274,169,0,116,0,0,64.09,68.64,63.73,96.48,0,0
NA,"INTERNAL","OMBUDSMAN REPUBLIK INDONESIA","TOTAL",303,768,593,379,14,230,0,0,75.91,58.52,39.45,77.21,0,0
NA,"INTERNAL","OTORITAS JASA KEUANGAN (OJK)","TOTAL",422,2680,2405,2493,0,1411,0,0,334.36,56.6,15.75,89.74,0,0
NA,"INTERNAL","PEMERINTAH KABUPATEN ACEH BARAT","TOTAL",450,4352,1595,1316,25,636,0,0,141.33,47.43,10.34,36.65,0,0
NA,"INTERNAL","PEMERINTAH KABUPATEN ACEH BARAT DAYA","TOTAL",325,1220,654,762,0,293,0,0,90.15,38.45,26.64,53.61,0,0
NA,"INTERNAL","PEMERINTAH KABUPATEN ACEH BESAR","TOTAL",236,561,454,555,0,142,0,0,60.17,25.59,42.07,80.93,0,0
NA,"INTERNAL","PEMERINTAH KABUPATEN ACEH JAYA","TOTAL",330,967,929,975,3,213,0,0,64.55,21.78,34.13,96.07,0,0
NA,"INTERNAL","PEMERINTAH KABUPATEN ACEH SELATAN","TOTAL",426,2849,1773,1528,8,369,0,0,86.62,24.02,14.95,62.23,0,0
NA,"INTERNAL","PEMERINTAH KABUPATEN ACEH SINGKIL","TOTAL",379,1553,1042,891,1,186,0,0,49.08,20.85,24.4,67.1,0,0
NA,"INTERNAL","PEMERINTAH KABUPATEN ACEH TAMIANG","TOTAL",381,1582,1255,1214,4,303,0,0,79.53,24.88,24.08,79.33,0,0
NA,"INTERNAL","PEMERINTAH KABUPATEN ACEH TENGAH","TOTAL",464,6127,1575,1314,117,316,0,0,68.1,22.08,7.57,25.71,0,0
NA,"INTERNAL","PEMERINTAH KABUPATEN ACEH TENGGARA","TOTAL",395,1940,1135,934,7,485,0,0,122.78,51.54,20.36,58.51,0,0
NA,"INTERNAL","PEMERINTAH KABUPATEN ACEH TIMUR","TOTAL",429,2962,1084,948,131,261,0,0,60.84,24.19,14.48,36.6,0,0
NA,"INTERNAL","PEMERINTAH KABUPATEN ACEH UTARA","TOTAL",473,8275,2431,2021,10,239,0,0,50.53,11.77,5.72,29.38,0,0
NA,"INTERNAL","PEMERINTAH KABUPATEN AGAM","TOTAL",356,1226,1106,950,0,170,0,0,47.75,17.89,29.04,90.21,0,0
NA,"INTERNAL","PEMERINTAH KABUPATEN ALOR","TOTAL",366,1356,1120,1167,14,514,0,0,140.44,43.52,26.99,82.6,0,0
NA,"INTERNAL","PEMERINTAH KABUPATEN ASAHAN","TOTAL",404,2067,1675,1512,12,558,0,0,138.12,36.61,19.55,81.04,0,0
NA,"INTERNAL","PEMERINTAH KABUPATEN ASMAT","TOTAL",231,430,373,411,2,73,0,0,31.6,17.68,53.72,86.74,0,0
NA,"INTERNAL","PEMERINTAH KABUPATEN BADUNG","TOTAL",478,10194,2826,2249,11,845,0,0,176.78,37.39,4.69,27.72,0,0
NA,"INTERNAL","PEMERINTAH KABUPATEN BALANGAN","TOTAL",349,1147,972,868,1,360,0,0,103.15,41.43,30.43,84.74,0,0
NA,"INTERNAL","PEMERINTAH KABUPATEN BANDUNG","TOTAL",476,9209,2443,2236,6,1017,0,0,213.66,45.36,5.17,26.53,0,0
NA,"INTERNAL","PEMERINTAH KABUPATEN BANDUNG BARAT","TOTAL",441,3645,2981,2710,10,1328,0,0,301.13,48.82,12.1,81.78,0,0
NA,"INTERNAL","PEMERINTAH KABUPATEN BANGGAI","TOTAL",280,634,593,693,1,123,0,0,43.93,17.72,44.16,93.53,0,0
NA,"INTERNAL","PEMERINTAH KABUPATEN BANGGAI KEPULAUAN","TOTAL",421,2624,2238,1871,10,165,0,0,39.19,8.77,16.04,85.29,0,0
NA,"INTERNAL","PEMERINTAH KABUPATEN BANGGAI LAUT","TOTAL",305,779,702,569,3,184,0,0,60.33,32.17,39.15,90.12,0,0
NA,"INTERNAL","PEMERINTAH KABUPATEN BANGKA","TOTAL",444,3882,2093,2019,3,558,0,0,125.68,27.6,11.44,53.92,0,0
NA,"INTERNAL","PEMERINTAH KABUPATEN BANGKA BARAT","TOTAL",441,3679,794,747,0,262,0,0,59.41,35.07,11.99,21.58,0,0
NA,"INTERNAL","PEMERINTAH KABUPATEN BANGKA SELATAN","TOTAL",391,1779,1569,1411,1,312,0,0,79.8,22.1,21.98,88.2,0,0
NA,"INTERNAL","PEMERINTAH KABUPATEN BANGKA TENGAH","TOTAL",460,5554,1728,1574,4,485,0,0,105.43,30.74,8.28,31.11,0,0
NA,"INTERNAL","PEMERINTAH KABUPATEN BANGKALAN","TOTAL",401,2026,1740,1918,17,404,0,0,100.75,20.88,19.79,85.88,0,0
NA,"INTERNAL","PEMERINTAH KABUPATEN BANGLI","TOTAL",403,2061,1863,1631,2,1301,0,0,322.83,79.67,19.55,90.39,0,0
NA,"INTERNAL","PEMERINTAH KABUPATEN BANJAR","TOTAL",424,2763,2213,2097,2,623,0,0,146.93,29.68,15.35,80.09,0,0
NA,"INTERNAL","PEMERINTAH KABUPATEN BANJARNEGARA","TOTAL",479,10697,1884,1743,9,665,0,0,138.83,37.96,4.48,17.61,0,0
NA,"INTERNAL","PEMERINTAH KABUPATEN BANTAENG","TOTAL",383,1626,1230,1049,2,467,0,0,121.93,44.43,23.55,75.65,0,0
NA,"INTERNAL","PEMERINTAH KABUPATEN BANTUL","TOTAL",419,2561,2080,1928,6,1071,0,0,255.61,55.38,16.36,81.22,0,0
NA,"INTERNAL","PEMERINTAH KABUPATEN BANYUASIN","TOTAL",409,2227,483,681,0,227,0,0,55.5,33.33,18.37,21.69,0,0
NA,"INTERNAL","PEMERINTAH KABUPATEN BANYUMAS","TOTAL",426,2837,2147,2003,11,502,0,0,117.84,24.93,15.02,75.68,0,0
NA,"INTERNAL","PEMERINTAH KABUPATEN BANYUWANGI","TOTAL",417,2475,2056,1906,19,542,0,0,129.98,28.16,16.85,83.07,0,0
NA,"INTERNAL","PEMERINTAH KABUPATEN BARITO KUALA","TOTAL",359,1265,795,780,41,326,0,0,90.81,39.71,28.38,62.85,0,0
NA,"INTERNAL","PEMERINTAH KABUPATEN BARITO SELATAN","TOTAL",382,1597,1440,1210,1,270,0,0,70.68,22.3,23.92,90.17,0,0
NA,"INTERNAL","PEMERINTAH KABUPATEN BARITO TIMUR","TOTAL",383,1626,1503,1337,2,300,0,0,78.33,22.4,23.55,92.44,0,0
NA,"INTERNAL","PEMERINTAH KABUPATEN BARITO UTARA","TOTAL",421,2618,1650,1404,10,484,0,0,114.96,34.23,16.08,63.03,0,0
NA,"INTERNAL","PEMERINTAH KABUPATEN BARRU","TOTAL",366,1360,1276,1207,2,190,0,0,51.91,15.72,26.91,93.82,0,0
NA,"INTERNAL","PEMERINTAH KABUPATEN BATANG","TOTAL",445,3935,1241,1472,12,910,0,0,204.49,61.32,11.31,31.54,0,0
NA,"INTERNAL","PEMERINTAH KABUPATEN BATANG HARI","TOTAL",440,3619,2258,1932,6,505,0,0,114.77,26.06,12.16,62.39,0,0
NA,"INTERNAL","PEMERINTAH KABUPATEN BATU BARA","TOTAL",341,1069,867,682,3,193,0,0,56.6,28.18,31.9,81.1,0,0
NA,"INTERNAL","PEMERINTAH KABUPATEN BEKASI","TOTAL",484,13397,2843,2082,382,498,0,0,102.89,20.21,3.61,21.22,0,0
NA,"INTERNAL","PEMERINTAH KABUPATEN BELITUNG","TOTAL",342,1081,551,623,0,197,0,0,57.6,31.62,31.64,50.97,0,0
NA,"INTERNAL","PEMERINTAH KABUPATEN BELITUNG TIMUR","TOTAL",349,1153,871,809,1,294,0,0,84.24,36.3,30.27,75.54,0,0
NA,"INTERNAL","PEMERINTAH KABUPATEN BELU","TOTAL",378,1538,853,894,4,427,0,0,112.96,47.55,24.58,55.46,0,0
NA,"INTERNAL","PEMERINTAH KABUPATEN BENER MERIAH","TOTAL",389,1738,939,907,4,343,0,0,88.17,37.65,22.38,54.03,0,0
NA,"INTERNAL","PEMERINTAH KABUPATEN BENGKALIS","TOTAL",408,2219,1899,1435,17,326,0,0,79.9,22.45,18.39,85.58,0,0
NA,"INTERNAL","PEMERINTAH KABUPATEN BENGKAYANG","TOTAL",354,1204,1049,1011,0,383,0,0,108.19,37.88,29.4,87.13,0,0
NA,"INTERNAL","PEMERINTAH KABUPATEN BENGKULU SELATAN","TOTAL",403,2046,1495,1475,8,753,0,0,186.85,50.78,19.7,73.07,0,0
NA,"INTERNAL","PEMERINTAH KABUPATEN BENGKULU TENGAH","TOTAL",429,2946,1071,933,3,437,0,0,101.86,46.69,14.56,36.35,0,0
NA,"INTERNAL","PEMERINTAH KABUPATEN BENGKULU UTARA","TOTAL",396,1885,1719,1445,2,314,0,0,79.29,21.7,21.01,91.19,0,0
NA,"INTERNAL","PEMERINTAH KABUPATEN BERAU","TOTAL",417,2479,2182,2015,3,468,0,0,112.23,23.19,16.82,88.02,0,0
NA,"INTERNAL","PEMERINTAH KABUPATEN BIAK NUMFOR","TOTAL",30,3893,1654,968,134,80,0,0,266.67,7.26,0.77,42.49,0,0
NA,"INTERNAL","PEMERINTAH KABUPATEN BIMA","TOTAL",356,1233,1114,1086,22,288,0,0,80.9,25.99,28.87,90.35,0,0
NA,"INTERNAL","PEMERINTAH KABUPATEN BINTAN","TOTAL",430,3003,1762,1565,4,453,0,0,105.35,28.87,14.32,58.67,0,0
NA,"INTERNAL","PEMERINTAH KABUPATEN BIREUEN","TOTAL",425,2786,2516,2289,3,571,0,0,134.35,24.91,15.25,90.31,0,0
NA,"INTERNAL","PEMERINTAH KABUPATEN BLITAR","TOTAL",430,3010,1744,1597,1,661,0,0,153.72,41.36,14.29,57.94,0,0
NA,"INTERNAL","PEMERINTAH KABUPATEN BLORA","TOTAL",441,3654,1551,1423,32,818,0,0,185.49,56.22,12.07,42.45,0,0
NA,"INTERNAL","PEMERINTAH KABUPATEN BOALEMO","TOTAL",314,839,789,714,5,126,0,0,40.13,17.52,37.43,94.04,0,0
NA,"INTERNAL","PEMERINTAH KABUPATEN BOGOR","TOTAL",491,23035,5247,4365,118,1476,0,0,300.61,32.92,2.13,22.78,0,0
NA,"INTERNAL","PEMERINTAH KABUPATEN BOJONEGORO","TOTAL",462,5914,4832,2495,4,723,0,0,156.49,28.93,7.81,81.7,0,0
NA,"INTERNAL","PEMERINTAH KABUPATEN BOLAANG MONGONDOW","TOTAL",30,3606,821,540,5,115,0,0,383.33,21.1,0.83,22.77,0,0
NA,"INTERNAL","PEMERINTAH KABUPATEN BOLAANG MONGONDOW SELATAN","TOTAL",324,914,344,258,0,61,0,0,18.83,23.64,35.45,37.64,0,0
NA,"INTERNAL","PEMERINTAH KABUPATEN BOLAANG MONGONDOW TIMUR","TOTAL",325,922,866,863,4,320,0,0,98.46,36.91,35.25,93.93,0,0
NA,"INTERNAL","PEMERINTAH KABUPATEN BOLAANG MONGONDOW UTARA","TOTAL",350,1160,934,875,5,203,0,0,58,23.07,30.17,80.52,0,0
NA,"INTERNAL","PEMERINTAH KABUPATEN BOMBANA","TOTAL",332,986,689,888,1,161,0,0,48.49,18.11,33.67,69.88,0,0
NA,"INTERNAL","PEMERINTAH KABUPATEN BONDOWOSO","TOTAL",414,2362,1716,1666,0,642,0,0,155.07,38.54,17.53,72.65,0,0
NA,"INTERNAL","PEMERINTAH KABUPATEN BONE","TOTAL",438,3434,2535,2395,5,296,0,0,67.58,12.33,12.75,73.82,0,0
NA,"INTERNAL","PEMERINTAH KABUPATEN BONE BOLANGO","TOTAL",443,3772,1356,1237,10,282,0,0,63.66,22.61,11.74,35.95,0,0
NA,"INTERNAL","PEMERINTAH KABUPATEN BOVEN DIGOEL","TOTAL",371,1433,1052,509,194,75,0,0,20.22,10.67,25.89,73.41,0,0
NA,"INTERNAL","PEMERINTAH KABUPATEN BOYOLALI","TOTAL",376,1497,1256,1178,2,552,0,0,146.81,46.78,25.12,83.9,0,0
NA,"INTERNAL","PEMERINTAH KABUPATEN BREBES","TOTAL",473,8227,1245,1238,45,378,0,0,79.92,29.46,5.75,15.13,0,0
NA,"INTERNAL","PEMERINTAH KABUPATEN BULELENG","TOTAL",451,4492,3111,2941,11,1018,0,0,225.72,34.49,10.04,69.26,0,0
NA,"INTERNAL","PEMERINTAH KABUPATEN BULUKUMBA","TOTAL",433,3180,1775,1446,4,153,0,0,35.33,10.55,13.62,55.82,0,0
NA,"INTERNAL","PEMERINTAH KABUPATEN BULUNGAN","TOTAL",445,4109,1019,1268,12,383,0,0,86.07,29.92,10.83,24.8,0,0
NA,"INTERNAL","PEMERINTAH KABUPATEN BUNGO","TOTAL",434,3238,1243,995,9,467,0,0,107.6,46.51,13.4,38.39,0,0
NA,"INTERNAL","PEMERINTAH KABUPATEN BUOL","TOTAL",352,1188,1144,994,3,255,0,0,72.44,25.58,29.63,96.3,0,0
NA,"INTERNAL","PEMERINTAH KABUPATEN BURU","TOTAL",377,1553,1113,907,24,332,0,0,88.06,35.66,24.28,71.67,0,0
NA,"INTERNAL","PEMERINTAH KABUPATEN BURU SELATAN","TOTAL",161,1170,1026,797,21,154,0,0,95.65,18.83,13.76,87.69,0,0
NA,"INTERNAL","PEMERINTAH KABUPATEN BUTON","TOTAL",449,4309,1391,1200,42,280,0,0,62.36,22.54,10.42,32.28,0,0
NA,"INTERNAL","PEMERINTAH KABUPATEN BUTON SELATAN","TOTAL",364,1324,953,929,1,245,0,0,67.31,26.34,27.49,71.98,0,0
NA,"INTERNAL","PEMERINTAH KABUPATEN BUTON TENGAH","TOTAL",315,848,652,705,0,103,0,0,32.7,14.61,37.15,76.89,0,0
NA,"INTERNAL","PEMERINTAH KABUPATEN BUTON UTARA","TOTAL",294,713,583,893,52,88,0,0,29.93,9.31,41.23,81.77,0,0
NA,"INTERNAL","PEMERINTAH KABUPATEN CIAMIS","TOTAL",482,12209,790,838,52,259,0,0,53.73,29.1,3.95,6.47,0,0
NA,"INTERNAL","PEMERINTAH KABUPATEN CIANJUR","TOTAL",496,45131,4164,3470,48,1026,0,0,206.85,29.16,1.1,9.23,0,0
NA,"INTERNAL","PEMERINTAH KABUPATEN CILACAP","TOTAL",485,15076,4086,3582,62,833,0,0,171.75,22.86,3.22,27.1,0,0
NA,"INTERNAL","PEMERINTAH KABUPATEN CIREBON","TOTAL",442,3758,3054,2640,22,584,0,0,132.13,21.94,11.76,81.27,0,0
NA,"INTERNAL","PEMERINTAH KABUPATEN DAIRI","TOTAL",379,1726,772,818,4,449,0,0,118.47,54.62,21.96,44.73,0,0
NA,"INTERNAL","PEMERINTAH KABUPATEN DEIYAI","TOTAL",392,1805,656,164,268,31,0,0,7.91,7.18,21.72,36.34,0,0
NA,"INTERNAL","PEMERINTAH KABUPATEN DELI SERDANG","TOTAL",400,1988,1283,1553,21,745,0,0,186.25,47.33,20.12,64.54,0,0
NA,"INTERNAL","PEMERINTAH KABUPATEN DEMAK","TOTAL",401,2005,1608,1586,27,719,0,0,179.3,44.58,20,80.2,0,0
NA,"INTERNAL","PEMERINTAH KABUPATEN DHARMASRAYA","TOTAL",431,3081,996,903,3,186,0,0,43.16,20.53,13.99,32.33,0,0
NA,"INTERNAL","PEMERINTAH KABUPATEN DOGIYAI","TOTAL",290,691,282,202,0,30,0,0,10.34,14.85,41.97,40.81,0,0
NA,"INTERNAL","PEMERINTAH KABUPATEN DOMPU","TOTAL",453,4664,2028,1949,65,221,0,0,48.79,10.97,9.71,43.48,0,0
NA,"INTERNAL","PEMERINTAH KABUPATEN DONGGALA","TOTAL",467,6801,2996,2370,80,201,0,0,43.04,8.2,6.87,44.05,0,0
NA,"INTERNAL","PEMERINTAH KABUPATEN EMPAT LAWANG","TOTAL",402,2037,834,699,6,220,0,0,54.73,31.21,19.73,40.94,0,0
NA,"INTERNAL","PEMERINTAH KABUPATEN ENDE","TOTAL",466,6541,1909,1583,67,316,0,0,67.81,19.15,7.12,29.19,0,0
NA,"INTERNAL","PEMERINTAH KABUPATEN ENREKANG","TOTAL",410,2258,1946,1655,5,326,0,0,79.51,19.64,18.16,86.18,0,0
NA,"INTERNAL","PEMERINTAH KABUPATEN FAKFAK","TOTAL",30,568,427,441,5,32,0,0,106.67,7.17,5.28,75.18,0,0
NA,"INTERNAL","PEMERINTAH KABUPATEN FLORES TIMUR","TOTAL",343,1083,913,878,10,135,0,0,39.36,15.2,31.67,84.3,0,0
NA,"INTERNAL","PEMERINTAH KABUPATEN GARUT","TOTAL",483,13295,2158,1465,124,288,0,0,59.63,18.12,3.63,16.23,0,0
NA,"INTERNAL","PEMERINTAH KABUPATEN GAYO LUES","TOTAL",400,1991,1595,1458,102,813,0,0,203.25,52.12,20.09,80.11,0,0
NA,"INTERNAL","PEMERINTAH KABUPATEN GIANYAR","TOTAL",436,3348,2911,2596,3,1424,0,0,326.61,54.79,13.02,86.95,0,0
NA,"INTERNAL","PEMERINTAH KABUPATEN GORONTALO","TOTAL",338,1039,908,733,0,221,0,0,65.38,30.15,32.53,87.39,0,0
NA,"INTERNAL","PEMERINTAH KABUPATEN GORONTALO UTARA","TOTAL",320,887,761,933,2,279,0,0,87.19,29.84,36.08,85.79,0,0
NA,"INTERNAL","PEMERINTAH KABUPATEN GOWA","TOTAL",335,1014,802,1067,1,139,0,0,41.49,13.01,33.04,79.09,0,0
NA,"INTERNAL","PEMERINTAH KABUPATEN GRESIK","TOTAL",444,3833,2799,2628,2,699,0,0,157.43,26.58,11.58,73.02,0,0
NA,"INTERNAL","PEMERINTAH KABUPATEN GROBOGAN","TOTAL",397,1914,1634,1519,0,806,0,0,203.02,53.06,20.74,85.37,0,0
NA,"INTERNAL","PEMERINTAH KABUPATEN GUNUNG KIDUL","TOTAL",404,2074,1384,1233,1,542,0,0,134.16,43.92,19.48,66.73,0,0
NA,"INTERNAL","PEMERINTAH KABUPATEN GUNUNG MAS","TOTAL",364,1335,1154,1060,3,269,0,0,73.9,25.31,27.27,86.44,0,0
NA,"INTERNAL","PEMERINTAH KABUPATEN HALMAHERA BARAT","TOTAL",290,691,580,522,7,123,0,0,42.41,23.25,41.97,83.94,0,0
NA,"INTERNAL","PEMERINTAH KABUPATEN HALMAHERA SELATAN","TOTAL",385,1656,1387,1205,5,314,0,0,81.56,25.95,23.25,83.76,0,0
NA,"INTERNAL","PEMERINTAH KABUPATEN HALMAHERA TENGAH","TOTAL",305,782,733,624,4,105,0,0,34.43,16.72,39,93.73,0,0
NA,"INTERNAL","PEMERINTAH KABUPATEN HALMAHERA TIMUR","TOTAL",378,1533,1069,947,6,200,0,0,52.91,20.99,24.66,69.73,0,0
NA,"INTERNAL","PEMERINTAH KABUPATEN HALMAHERA UTARA","TOTAL",323,913,832,704,2,110,0,0,34.06,15.58,35.38,91.13,0,0
NA,"INTERNAL","PEMERINTAH KABUPATEN HULU SUNGAI SELATAN","TOTAL",439,3508,1081,908,0,591,0,0,134.62,65.09,12.51,30.82,0,0
NA,"INTERNAL","PEMERINTAH KABUPATEN HULU SUNGAI TENGAH","TOTAL",379,1551,1269,1140,4,506,0,0,133.51,44.23,24.44,81.82,0,0
NA,"INTERNAL","PEMERINTAH KABUPATEN HULU SUNGAI UTARA","TOTAL",355,1223,983,977,3,301,0,0,84.79,30.71,29.03,80.38,0,0
NA,"INTERNAL","PEMERINTAH KABUPATEN HUMBANG HASUNDUTAN","TOTAL",289,682,619,597,0,354,0,0,122.49,59.3,42.38,90.76,0,0
NA,"INTERNAL","PEMERINTAH KABUPATEN INDRAGIRI HILIR","TOTAL",282,648,590,1199,0,421,0,0,149.29,35.11,43.52,91.05,0,0
NA,"INTERNAL","PEMERINTAH KABUPATEN INDRAGIRI HULU","TOTAL",413,2333,1749,1636,1,488,0,0,118.16,29.81,17.7,74.97,0,0
NA,"INTERNAL","PEMERINTAH KABUPATEN INDRAMAYU","TOTAL",318,873,703,882,3,325,0,0,102.2,36.72,36.43,80.53,0,0
NA,"INTERNAL","PEMERINTAH KABUPATEN INTAN JAYA","TOTAL",294,715,512,323,13,42,0,0,14.29,12.5,41.12,71.61,0,0
NA,"INTERNAL","PEMERINTAH KABUPATEN JAYAPURA","TOTAL",285,1805,1243,1088,15,181,0,0,63.51,16.41,15.79,68.86,0,0
NA,"INTERNAL","PEMERINTAH KABUPATEN JAYAWIJAYA","TOTAL",161,239,227,310,5,75,0,0,46.58,23.81,67.36,94.98,0,0
NA,"INTERNAL","PEMERINTAH KABUPATEN JEMBER","TOTAL",446,4005,3007,2700,3,1156,0,0,259.19,42.77,11.14,75.08,0,0
NA,"INTERNAL","PEMERINTAH KABUPATEN JEMBRANA","TOTAL",460,5617,1949,1679,6,1115,0,0,242.39,66.17,8.19,34.7,0,0
NA,"INTERNAL","PEMERINTAH KABUPATEN JENEPONTO","TOTAL",30,524,186,191,2,23,0,0,76.67,11.92,5.73,35.5,0,0
NA,"INTERNAL","PEMERINTAH KABUPATEN JEPARA","TOTAL",479,10722,1294,1045,46,495,0,0,103.34,45.37,4.47,12.07,0,0
NA,"INTERNAL","PEMERINTAH KABUPATEN JOMBANG","TOTAL",403,2054,1731,1682,0,450,0,0,111.66,26.75,19.62,84.27,0,0
NA,"INTERNAL","PEMERINTAH KABUPATEN KAIMANA","TOTAL",361,1288,998,809,10,102,0,0,28.25,12.45,28.03,77.48,0,0
NA,"INTERNAL","PEMERINTAH KABUPATEN KAMPAR","TOTAL",480,11240,1728,1447,49,518,0,0,107.92,34.63,4.27,15.37,0,0
NA,"INTERNAL","PEMERINTAH KABUPATEN KAPUAS","TOTAL",475,8936,3087,2559,19,547,0,0,115.16,21.22,5.32,34.55,0,0
NA,"INTERNAL","PEMERINTAH KABUPATEN KAPUAS HULU","TOTAL",388,1709,1510,1356,0,298,0,0,76.8,21.98,22.7,88.36,0,0
NA,"INTERNAL","PEMERINTAH KABUPATEN KARANGANYAR","TOTAL",433,3184,2714,2601,5,510,0,0,117.78,19.57,13.6,85.24,0,0
NA,"INTERNAL","PEMERINTAH KABUPATEN KARANGASEM","TOTAL",368,1380,1130,941,4,469,0,0,127.45,49.63,26.67,81.88,0,0
NA,"INTERNAL","PEMERINTAH KABUPATEN KARAWANG","TOTAL",475,8789,2170,2204,2,673,0,0,141.68,30.51,5.4,24.69,0,0
NA,"INTERNAL","PEMERINTAH KABUPATEN KARIMUN","TOTAL",460,7578,3316,2832,20,603,0,0,131.09,21.14,6.07,43.76,0,0
NA,"INTERNAL","PEMERINTAH KABUPATEN KARO","TOTAL",436,3419,1896,1601,15,491,0,0,112.61,30.38,12.75,55.45,0,0
NA,"INTERNAL","PEMERINTAH KABUPATEN KATINGAN","TOTAL",400,1976,1388,1206,45,404,0,0,101,32.29,20.24,70.24,0,0
NA,"INTERNAL","PEMERINTAH KABUPATEN KAUR","TOTAL",426,2817,1047,830,17,234,0,0,54.93,27.63,15.12,37.17,0,0
NA,"INTERNAL","PEMERINTAH KABUPATEN KAYONG UTARA","TOTAL",335,1007,903,826,4,207,0,0,61.79,24.94,33.27,89.67,0,0
NA,"INTERNAL","PEMERINTAH KABUPATEN KEBUMEN","TOTAL",448,4208,2137,1929,10,661,0,0,147.54,34.09,10.65,50.78,0,0
NA,"INTERNAL","PEMERINTAH KABUPATEN KEDIRI","TOTAL",400,1971,1796,1746,0,659,0,0,164.75,37.74,20.29,91.12,0,0
NA,"INTERNAL","PEMERINTAH KABUPATEN KEEROM","TOTAL",392,1793,1398,1273,5,173,0,0,44.13,13.54,21.86,77.97,0,0
NA,"INTERNAL","PEMERINTAH KABUPATEN KENDAL","TOTAL",380,1571,1102,1783,0,436,0,0,114.74,24.45,24.19,70.15,0,0
NA,"INTERNAL","PEMERINTAH KABUPATEN KEPAHIANG","TOTAL",344,1094,925,947,1,458,0,0,133.14,48.31,31.44,84.55,0,0
NA,"INTERNAL","PEMERINTAH KABUPATEN KEPULAUAN ANAMBAS","TOTAL",432,3102,2604,2178,0,882,0,0,204.17,40.5,13.93,83.95,0,0
NA,"INTERNAL","PEMERINTAH KABUPATEN KEPULAUAN ARU","TOTAL",426,2832,2369,1851,152,212,0,0,49.77,10.58,15.04,83.65,0,0
NA,"INTERNAL","PEMERINTAH KABUPATEN KEPULAUAN MENTAWAI","TOTAL",381,1850,1487,1262,7,412,0,0,108.14,32.47,20.59,80.38,0,0
NA,"INTERNAL","PEMERINTAH KABUPATEN KEPULAUAN MERANTI","TOTAL",370,1407,1149,1103,9,395,0,0,106.76,35.52,26.3,81.66,0,0
NA,"INTERNAL","PEMERINTAH KABUPATEN KEPULAUAN SANGIHE","TOTAL",311,821,539,626,4,148,0,0,47.59,23.49,37.88,65.65,0,0
NA,"INTERNAL","PEMERINTAH KABUPATEN KEPULAUAN SELAYAR","TOTAL",445,3965,1092,863,8,322,0,0,72.36,36.97,11.22,27.54,0,0
NA,"INTERNAL","PEMERINTAH KABUPATEN KEPULAUAN SIAU TAGULANDANG BIARO","TOTAL",395,1866,904,770,2,316,0,0,80,40.93,21.17,48.45,0,0
NA,"INTERNAL","PEMERINTAH KABUPATEN KEPULAUAN SULA","TOTAL",433,3153,1595,953,87,100,0,0,23.09,9.62,13.73,50.59,0,0
NA,"INTERNAL","PEMERINTAH KABUPATEN KEPULAUAN TALAUD","TOTAL",331,974,690,634,4,445,0,0,134.44,69.75,33.98,70.84,0,0
NA,"INTERNAL","PEMERINTAH KABUPATEN KEPULAUAN TANIMBAR","TOTAL",369,1393,1069,933,13,175,0,0,47.43,18.5,26.49,76.74,0,0
NA,"INTERNAL","PEMERINTAH KABUPATEN KEPULAUAN YAPEN","TOTAL",195,321,268,373,4,79,0,0,40.51,20.95,60.75,83.49,0,0
NA,"INTERNAL","PEMERINTAH KABUPATEN KERINCI","TOTAL",391,1778,1339,1228,3,218,0,0,55.75,17.71,21.99,75.31,0,0
NA,"INTERNAL","PEMERINTAH KABUPATEN KETAPANG","TOTAL",475,9036,1843,1562,13,346,0,0,72.84,21.97,5.26,20.4,0,0
NA,"INTERNAL","PEMERINTAH KABUPATEN KLATEN","TOTAL",400,1984,1549,1641,7,412,0,0,103,25,20.16,78.07,0,0
NA,"INTERNAL","PEMERINTAH KABUPATEN KLUNGKUNG","TOTAL",442,3743,1069,919,2,443,0,0,100.23,48.1,11.81,28.56,0,0
NA,"INTERNAL","PEMERINTAH KABUPATEN KOLAKA","TOTAL",395,1872,1736,1639,11,222,0,0,56.2,13.45,21.1,92.74,0,0
NA,"INTERNAL","PEMERINTAH KABUPATEN KOLAKA TIMUR","TOTAL",383,1614,1468,1318,5,273,0,0,71.28,20.63,23.73,90.95,0,0
NA,"INTERNAL","PEMERINTAH KABUPATEN KOLAKA UTARA","TOTAL",424,2731,2403,2447,44,302,0,0,71.23,12.12,15.53,87.99,0,0
NA,"INTERNAL","PEMERINTAH KABUPATEN KONAWE","TOTAL",387,1691,1316,1123,7,220,0,0,56.85,19.47,22.89,77.82,0,0
NA,"INTERNAL","PEMERINTAH KABUPATEN KONAWE KEPULAUAN","TOTAL",345,1107,869,833,4,183,0,0,53.04,21.86,31.17,78.5,0,0
NA,"INTERNAL","PEMERINTAH KABUPATEN KONAWE SELATAN","TOTAL",463,6099,2191,1874,14,270,0,0,58.32,14.3,7.59,35.92,0,0
NA,"INTERNAL","PEMERINTAH KABUPATEN KONAWE UTARA","TOTAL",346,1119,859,855,0,381,0,0,110.12,44.56,30.92,76.76,0,0
NA,"INTERNAL","PEMERINTAH KABUPATEN KOTABARU","TOTAL",364,1328,1223,1065,5,243,0,0,66.76,22.71,27.41,92.09,0,0
NA,"INTERNAL","PEMERINTAH KABUPATEN KOTAWARINGIN BARAT","TOTAL",376,1506,1353,1303,1,518,0,0,137.77,39.72,24.97,89.84,0,0
NA,"INTERNAL","PEMERINTAH KABUPATEN KOTAWARINGIN TIMUR","TOTAL",394,1836,1113,1219,8,645,0,0,163.71,52.57,21.46,60.62,0,0
NA,"INTERNAL","PEMERINTAH KABUPATEN KUANTAN SINGINGI","TOTAL",339,1051,795,765,34,313,0,0,92.33,39.17,32.25,75.64,0,0
NA,"INTERNAL","PEMERINTAH KABUPATEN KUBU RAYA","TOTAL",361,1290,1182,1293,0,208,0,0,57.62,16.09,27.98,91.63,0,0
NA,"INTERNAL","PEMERINTAH KABUPATEN KUDUS","TOTAL",368,1389,1285,1186,2,427,0,0,116.03,35.94,26.49,92.51,0,0
NA,"INTERNAL","PEMERINTAH KABUPATEN KULON PROGO","TOTAL",450,4339,1506,1309,4,431,0,0,95.78,32.83,10.37,34.71,0,0
NA,"INTERNAL","PEMERINTAH KABUPATEN KUNINGAN","TOTAL",478,10034,1708,1753,7,334,0,0,69.87,18.98,4.76,17.02,0,0
NA,"INTERNAL","PEMERINTAH KABUPATEN KUPANG","TOTAL",392,1799,1432,1217,5,193,0,0,49.23,15.79,21.79,79.6,0,0
NA,"INTERNAL","PEMERINTAH KABUPATEN KUTAI BARAT","TOTAL",429,2983,2866,2653,1,827,0,0,192.77,31.16,14.38,96.08,0,0
NA,"INTERNAL","PEMERINTAH KABUPATEN KUTAI KARTANEGARA","TOTAL",461,5656,4576,3771,26,424,0,0,91.97,11.17,8.15,80.91,0,0
NA,"INTERNAL","PEMERINTAH KABUPATEN KUTAI TIMUR","TOTAL",433,3185,2412,3057,3,712,0,0,164.43,23.27,13.59,75.73,0,0
NA,"INTERNAL","PEMERINTAH KABUPATEN LABUHANBATU","TOTAL",383,1629,1376,1196,0,522,0,0,136.29,43.65,23.51,84.47,0,0
NA,"INTERNAL","PEMERINTAH KABUPATEN LABUHANBATU SELATAN","TOTAL",409,2232,1114,1055,1,421,0,0,102.93,39.87,18.32,49.91,0,0
NA,"INTERNAL","PEMERINTAH KABUPATEN LABUHANBATU UTARA","TOTAL",410,2254,1946,1780,4,909,0,0,221.71,50.95,18.19,86.34,0,0
NA,"INTERNAL","PEMERINTAH KABUPATEN LAHAT","TOTAL",474,8523,2041,1723,23,270,0,0,56.96,15.46,5.56,23.95,0,0
NA,"INTERNAL","PEMERINTAH KABUPATEN LAMANDAU","TOTAL",372,1436,1049,1037,1,411,0,0,110.48,39.6,25.91,73.05,0,0
NA,"INTERNAL","PEMERINTAH KABUPATEN LAMONGAN","TOTAL",385,1658,1309,1086,38,498,0,0,129.35,44.31,23.22,78.95,0,0
NA,"INTERNAL","PEMERINTAH KABUPATEN LAMPUNG BARAT","TOTAL",354,1206,830,705,1,524,0,0,148.02,74.22,29.35,68.82,0,0
NA,"INTERNAL","PEMERINTAH KABUPATEN LAMPUNG SELATAN","TOTAL",427,2895,2638,2198,0,796,0,0,186.42,36.21,14.75,91.12,0,0
NA,"INTERNAL","PEMERINTAH KABUPATEN LAMPUNG TENGAH","TOTAL",402,2023,1658,1788,0,411,0,0,102.24,22.99,19.87,81.96,0,0
NA,"INTERNAL","PEMERINTAH KABUPATEN LAMPUNG TIMUR","TOTAL",416,2444,1411,1300,11,330,0,0,79.33,25.17,17.02,57.73,0,0
NA,"INTERNAL","PEMERINTAH KABUPATEN LAMPUNG UTARA","TOTAL",445,3925,2147,1667,15,468,0,0,105.17,27.82,11.34,54.7,0,0
NA,"INTERNAL","PEMERINTAH KABUPATEN LANDAK","TOTAL",388,1708,1257,1091,3,420,0,0,108.25,38.39,22.72,73.59,0,0
NA,"INTERNAL","PEMERINTAH KABUPATEN LANGKAT","TOTAL",456,5047,1272,1341,1,818,0,0,179.39,60.95,9.04,25.2,0,0
NA,"INTERNAL","PEMERINTAH KABUPATEN LANNY JAYA","TOTAL",30,2768,1007,365,212,31,0,0,103.33,5.37,1.08,36.38,0,0
NA,"INTERNAL","PEMERINTAH KABUPATEN LEBAK","TOTAL",418,2524,2089,1912,40,443,0,0,105.98,22.69,16.56,82.77,0,0
NA,"INTERNAL","PEMERINTAH KABUPATEN LEBONG","TOTAL",294,712,655,669,2,286,0,0,97.28,42.62,41.29,91.99,0,0
NA,"INTERNAL","PEMERINTAH KABUPATEN LEMBATA","TOTAL",451,4435,1282,1110,72,177,0,0,39.25,14.97,10.17,28.91,0,0
NA,"INTERNAL","PEMERINTAH KABUPATEN LIMA PULUH KOTA","TOTAL",400,1987,1629,1512,3,326,0,0,81.5,21.52,20.13,81.98,0,0
NA,"INTERNAL","PEMERINTAH KABUPATEN LINGGA","TOTAL",400,1971,1701,1547,3,810,0,0,202.5,52.26,20.29,86.3,0,0
NA,"INTERNAL","PEMERINTAH KABUPATEN LOMBOK BARAT","TOTAL",452,4548,1904,1664,8,198,0,0,43.81,11.84,9.94,41.86,0,0
NA,"INTERNAL","PEMERINTAH KABUPATEN LOMBOK TENGAH","TOTAL",484,14107,1752,1262,428,267,0,0,55.17,15.8,3.43,12.42,0,0
NA,"INTERNAL","PEMERINTAH KABUPATEN LOMBOK TIMUR","TOTAL",493,29252,3804,3220,13,457,0,0,92.7,14.14,1.69,13,0,0
NA,"INTERNAL","PEMERINTAH KABUPATEN LOMBOK UTARA","TOTAL",417,2467,988,679,56,152,0,0,36.45,20.68,16.9,40.05,0,0
NA,"INTERNAL","PEMERINTAH KABUPATEN LUMAJANG","TOTAL",457,5084,1937,2167,14,1484,0,0,324.73,68.04,8.99,38.1,0,0
NA,"INTERNAL","PEMERINTAH KABUPATEN LUWU","TOTAL",413,2357,2173,1936,43,498,0,0,120.58,25.16,17.52,92.19,0,0
NA,"INTERNAL","PEMERINTAH KABUPATEN LUWU TIMUR","TOTAL",411,2281,1729,1630,1,243,0,0,59.12,14.9,18.02,75.8,0,0
NA,"INTERNAL","PEMERINTAH KABUPATEN LUWU UTARA","TOTAL",398,1939,1530,1229,16,228,0,0,57.29,18.31,20.53,78.91,0,0
NA,"INTERNAL","PEMERINTAH KABUPATEN MADIUN","TOTAL",438,3461,1778,2314,2,1148,0,0,262.1,49.57,12.66,51.37,0,0
NA,"INTERNAL","PEMERINTAH KABUPATEN MAGELANG","TOTAL",391,1778,1413,1247,7,447,0,0,114.32,35.65,21.99,79.47,0,0
NA,"INTERNAL","PEMERINTAH KABUPATEN MAGETAN","TOTAL",400,1984,1573,1423,1,644,0,0,161,45.22,20.16,79.28,0,0
NA,"INTERNAL","PEMERINTAH KABUPATEN MAHAKAM ULU","TOTAL",400,1980,1339,1070,17,238,0,0,59.5,21.9,20.2,67.63,0,0
NA,"INTERNAL","PEMERINTAH KABUPATEN MAJALENGKA","TOTAL",481,11649,1767,1547,192,356,0,0,74.01,20.47,4.13,15.17,0,0
NA,"INTERNAL","PEMERINTAH KABUPATEN MAJENE","TOTAL",150,337,273,350,25,160,0,0,106.67,42.67,44.51,81.01,0,0
NA,"INTERNAL","PEMERINTAH KABUPATEN MALAKA","TOTAL",337,1025,783,738,6,124,0,0,36.8,16.67,32.88,76.39,0,0
NA,"INTERNAL","PEMERINTAH KABUPATEN MALANG","TOTAL",454,4768,3653,3293,9,1301,0,0,286.56,39.4,9.52,76.61,0,0
NA,"INTERNAL","PEMERINTAH KABUPATEN MALINAU","TOTAL",434,3235,612,651,0,166,0,0,38.25,25.5,13.42,18.92,0,0
NA,"INTERNAL","PEMERINTAH KABUPATEN MALUKU BARAT DAYA","TOTAL",206,669,633,731,3,127,0,0,61.65,17.3,30.79,94.62,0,0
NA,"INTERNAL","PEMERINTAH KABUPATEN MALUKU TENGAH","TOTAL",391,1783,1572,1494,8,241,0,0,61.64,16.05,21.93,88.17,0,0
NA,"INTERNAL","PEMERINTAH KABUPATEN MALUKU TENGGARA","TOTAL",344,1100,688,571,4,108,0,0,31.4,18.78,31.27,62.55,0,0
NA,"INTERNAL","PEMERINTAH KABUPATEN MAMASA","TOTAL",332,987,793,595,14,321,0,0,96.69,52.71,33.64,80.34,0,0
NA,"INTERNAL","PEMERINTAH KABUPATEN MAMBERAMO RAYA","TOTAL",292,1029,653,519,10,87,0,0,29.79,16.45,28.38,63.46,0,0
NA,"INTERNAL","PEMERINTAH KABUPATEN MAMBERAMO TENGAH","TOTAL",102,129,83,95,0,31,0,0,30.39,32.63,79.07,64.34,0,0
NA,"INTERNAL","PEMERINTAH KABUPATEN MAMUJU","TOTAL",408,2187,1754,1661,9,442,0,0,108.33,26.47,18.66,80.2,0,0
NA,"INTERNAL","PEMERINTAH KABUPATEN MAMUJU TENGAH","TOTAL",444,3899,1327,981,8,347,0,0,78.15,35.09,11.39,34.03,0,0
NA,"INTERNAL","PEMERINTAH KABUPATEN MANDAILING NATAL","TOTAL",367,1373,1244,1029,4,133,0,0,36.24,12.88,26.73,90.6,0,0
NA,"INTERNAL","PEMERINTAH KABUPATEN MANGGARAI","TOTAL",360,1279,1180,1096,4,210,0,0,58.33,19.09,28.15,92.26,0,0
NA,"INTERNAL","PEMERINTAH KABUPATEN MANGGARAI BARAT","TOTAL",353,1196,1024,904,15,259,0,0,73.37,28.18,29.52,85.62,0,0
NA,"INTERNAL","PEMERINTAH KABUPATEN MANGGARAI TIMUR","TOTAL",336,1023,829,730,12,194,0,0,57.74,26.15,32.84,81.04,0,0
NA,"INTERNAL","PEMERINTAH KABUPATEN MANOKWARI","TOTAL",403,2059,1581,1231,35,119,0,0,29.53,9.4,19.57,76.78,0,0
NA,"INTERNAL","PEMERINTAH KABUPATEN MANOKWARI SELATAN","TOTAL",318,871,793,671,21,135,0,0,42.45,19.51,36.51,91.04,0,0
NA,"INTERNAL","PEMERINTAH KABUPATEN MAPPI","TOTAL",307,792,522,541,25,75,0,0,24.43,13.25,38.76,65.91,0,0
NA,"INTERNAL","PEMERINTAH KABUPATEN MAROS","TOTAL",418,2504,2206,2033,4,272,0,0,65.07,13.35,16.69,88.1,0,0
NA,"INTERNAL","PEMERINTAH KABUPATEN MAYBRAT","TOTAL",262,552,509,243,1,31,0,0,11.83,12.7,47.46,92.21,0,0
NA,"INTERNAL","PEMERINTAH KABUPATEN MELAWI","TOTAL",449,4261,1622,1369,21,380,0,0,84.63,27.34,10.54,38.07,0,0
NA,"INTERNAL","PEMERINTAH KABUPATEN MEMPAWAH","TOTAL",333,994,870,730,0,388,0,0,116.52,53.15,33.5,87.53,0,0
NA,"INTERNAL","PEMERINTAH KABUPATEN MERANGIN","TOTAL",332,1232,1021,976,4,523,0,0,157.53,53.37,26.95,82.87,0,0
NA,"INTERNAL","PEMERINTAH KABUPATEN MERAUKE","TOTAL",417,2466,1617,1048,179,31,0,0,7.43,2.53,16.91,65.57,0,0
NA,"INTERNAL","PEMERINTAH KABUPATEN MESUJI","TOTAL",288,679,623,703,9,371,0,0,128.82,52.11,42.42,91.75,0,0
NA,"INTERNAL","PEMERINTAH KABUPATEN MIMIKA","TOTAL",400,1977,1019,816,18,68,0,0,17,8.15,20.23,51.54,0,0
NA,"INTERNAL","PEMERINTAH KABUPATEN MINAHASA","TOTAL",447,4096,1209,1064,23,237,0,0,53.02,21.8,10.91,29.52,0,0
NA,"INTERNAL","PEMERINTAH KABUPATEN MINAHASA SELATAN","TOTAL",248,491,299,571,0,181,0,0,72.98,31.7,50.51,60.9,0,0
NA,"INTERNAL","PEMERINTAH KABUPATEN MINAHASA TENGGARA","TOTAL",378,1545,1242,1123,0,359,0,0,94.97,31.97,24.47,80.39,0,0
NA,"INTERNAL","PEMERINTAH KABUPATEN MINAHASA UTARA","TOTAL",376,1510,516,553,12,144,0,0,38.3,25.49,24.9,34.17,0,0
NA,"INTERNAL","PEMERINTAH KABUPATEN MOJOKERTO","TOTAL",404,2079,1537,1416,14,584,0,0,144.55,40.84,19.43,73.93,0,0
NA,"INTERNAL","PEMERINTAH KABUPATEN MOROWALI","TOTAL",395,1854,1721,1473,2,440,0,0,111.39,29.83,21.31,92.83,0,0
NA,"INTERNAL","PEMERINTAH KABUPATEN MOROWALI UTARA","TOTAL",305,778,691,716,0,172,0,0,56.39,24.02,39.2,88.82,0,0
NA,"INTERNAL","PEMERINTAH KABUPATEN MUARA ENIM","TOTAL",432,3242,2715,2248,26,292,0,0,67.59,12.84,13.33,83.74,0,0
NA,"INTERNAL","PEMERINTAH KABUPATEN MUARO JAMBI","TOTAL",395,1863,1738,1429,1,260,0,0,65.82,18.18,21.2,93.29,0,0
NA,"INTERNAL","PEMERINTAH KABUPATEN MUKOMUKO","TOTAL",437,3383,952,877,10,242,0,0,55.38,27.28,12.92,28.14,0,0
NA,"INTERNAL","PEMERINTAH KABUPATEN MUNA","TOTAL",433,3174,2074,1776,9,347,0,0,80.14,19.44,13.64,65.34,0,0
NA,"INTERNAL","PEMERINTAH KABUPATEN MUNA BARAT","TOTAL",349,1147,605,629,5,222,0,0,63.61,35.02,30.43,52.75,0,0
NA,"INTERNAL","PEMERINTAH KABUPATEN MURUNG RAYA","TOTAL",409,2221,2086,1861,14,376,0,0,91.93,20.05,18.42,93.92,0,0
NA,"INTERNAL","PEMERINTAH KABUPATEN MUSI BANYUASIN","TOTAL",387,1704,1380,1483,4,397,0,0,102.58,26.7,22.71,80.99,0,0
NA,"INTERNAL","PEMERINTAH KABUPATEN MUSI RAWAS","TOTAL",458,5218,1601,1274,5,256,0,0,55.9,20.02,8.78,30.68,0,0
NA,"INTERNAL","PEMERINTAH KABUPATEN MUSI RAWAS UTARA","TOTAL",409,2213,536,418,2,293,0,0,71.64,69.76,18.48,24.22,0,0
NA,"INTERNAL","PEMERINTAH KABUPATEN NABIRE","TOTAL",393,1817,1329,1106,29,113,0,0,28.75,9.96,21.63,73.14,0,0
NA,"INTERNAL","PEMERINTAH KABUPATEN NAGAN RAYA","TOTAL",448,4169,1088,1029,38,188,0,0,41.96,17.62,10.75,26.1,0,0
NA,"INTERNAL","PEMERINTAH KABUPATEN NAGEKEO","TOTAL",350,1158,933,847,1,150,0,0,42.86,17.69,30.22,80.57,0,0
NA,"INTERNAL","PEMERINTAH KABUPATEN NATUNA","TOTAL",260,1087,977,922,22,263,0,0,101.15,27.86,23.92,89.88,0,0
NA,"INTERNAL","PEMERINTAH KABUPATEN NDUGA","TOTAL",216,380,335,239,28,36,0,0,16.67,13.48,56.84,88.16,0,0
NA,"INTERNAL","PEMERINTAH KABUPATEN NGADA","TOTAL",391,1775,1389,1195,11,189,0,0,48.34,15.67,22.03,78.25,0,0
NA,"INTERNAL","PEMERINTAH KABUPATEN NGANJUK","TOTAL",428,2908,2011,1809,0,489,0,0,114.25,27.03,14.72,69.15,0,0
NA,"INTERNAL","PEMERINTAH KABUPATEN NGAWI","TOTAL",459,5349,2647,2265,1,1605,0,0,349.67,70.83,8.58,49.49,0,0
NA,"INTERNAL","PEMERINTAH KABUPATEN NIAS","TOTAL",327,946,793,739,0,645,0,0,197.25,87.28,34.57,83.83,0,0
NA,"INTERNAL","PEMERINTAH KABUPATEN NIAS BARAT","TOTAL",314,842,701,633,3,202,0,0,64.33,31.76,37.29,83.25,0,0
NA,"INTERNAL","PEMERINTAH KABUPATEN NIAS SELATAN","TOTAL",358,1252,730,613,21,466,0,0,130.17,73.5,28.59,58.31,0,0
NA,"INTERNAL","PEMERINTAH KABUPATEN NIAS UTARA","TOTAL",346,1118,918,896,1,442,0,0,127.75,49.28,30.95,82.11,0,0
NA,"INTERNAL","PEMERINTAH KABUPATEN NUNUKAN","TOTAL",430,3035,2033,2034,0,514,0,0,119.53,25.27,14.17,66.99,0,0
NA,"INTERNAL","PEMERINTAH KABUPATEN OGAN ILIR","TOTAL",377,1515,1347,1150,0,199,0,0,52.79,17.3,24.88,88.91,0,0
NA,"INTERNAL","PEMERINTAH KABUPATEN OGAN KOMERING ILIR","TOTAL",379,1552,1086,1066,4,253,0,0,66.75,23.64,24.42,69.97,0,0
NA,"INTERNAL","PEMERINTAH KABUPATEN OGAN KOMERING ULU","TOTAL",401,2000,1673,1510,3,207,0,0,51.62,13.68,20.05,83.65,0,0
NA,"INTERNAL","PEMERINTAH KABUPATEN OGAN KOMERING ULU SELATAN","TOTAL",462,5894,2085,1505,17,223,0,0,48.27,14.65,7.84,35.37,0,0
NA,"INTERNAL","PEMERINTAH KABUPATEN OGAN KOMERING ULU TIMUR","TOTAL",395,1853,1566,1454,4,619,0,0,156.71,42.46,21.32,84.51,0,0
NA,"INTERNAL","PEMERINTAH KABUPATEN PACITAN","TOTAL",449,4266,1884,1781,5,615,0,0,136.97,34.43,10.53,44.16,0,0
NA,"INTERNAL","PEMERINTAH KABUPATEN PADANG LAWAS","TOTAL",389,1727,712,579,5,355,0,0,91.26,60.79,22.52,41.23,0,0
NA,"INTERNAL","PEMERINTAH KABUPATEN PADANG LAWAS UTARA","TOTAL",313,833,748,373,0,110,0,0,35.14,29.49,37.58,89.8,0,0
NA,"INTERNAL","PEMERINTAH KABUPATEN PADANG PARIAMAN","TOTAL",461,6276,1408,1259,139,179,0,0,38.83,12.8,7.35,22.43,0,0
NA,"INTERNAL","PEMERINTAH KABUPATEN PAKPAK BHARAT","TOTAL",225,409,323,385,2,234,0,0,104,60.47,55.01,78.97,0,0
NA,"INTERNAL","PEMERINTAH KABUPATEN PAMEKASAN","TOTAL",419,2559,2377,2164,8,594,0,0,141.77,27.35,16.37,92.89,0,0
NA,"INTERNAL","PEMERINTAH KABUPATEN PANDEGLANG","TOTAL",442,3726,1742,1659,11,287,0,0,64.93,17.19,11.86,46.75,0,0
NA,"INTERNAL","PEMERINTAH KABUPATEN PANGANDARAN","TOTAL",391,1768,1496,1288,4,209,0,0,53.45,16.18,22.12,84.62,0,0
NA,"INTERNAL","PEMERINTAH KABUPATEN PANGKAJENE DAN KEPULAUAN","TOTAL",345,1111,992,1130,4,454,0,0,131.59,40.04,31.05,89.29,0,0
NA,"INTERNAL","PEMERINTAH KABUPATEN PANIAI","TOTAL",335,1014,719,407,29,41,0,0,12.24,9.4,33.04,70.91,0,0
NA,"INTERNAL","PEMERINTAH KABUPATEN PARIGI MOUTONG","TOTAL",414,2390,1760,1335,20,173,0,0,41.79,12.77,17.32,73.64,0,0
NA,"INTERNAL","PEMERINTAH KABUPATEN PASAMAN","TOTAL",439,3542,1041,955,0,175,0,0,39.86,18.32,12.39,29.39,0,0
NA,"INTERNAL","PEMERINTAH KABUPATEN PASAMAN BARAT","TOTAL",430,3025,2201,2108,5,388,0,0,90.23,18.36,14.21,72.76,0,0
NA,"INTERNAL","PEMERINTAH KABUPATEN PASANGKAYU","TOTAL",434,3207,1500,1354,6,449,0,0,103.46,33.01,13.53,46.77,0,0
NA,"INTERNAL","PEMERINTAH KABUPATEN PASER","TOTAL",438,3435,2651,2191,49,429,0,0,97.95,19.15,12.75,77.18,0,0
NA,"INTERNAL","PEMERINTAH KABUPATEN PASURUAN","TOTAL",395,1864,1633,1457,2,450,0,0,113.92,30.84,21.19,87.61,0,0
NA,"INTERNAL","PEMERINTAH KABUPATEN PATI","TOTAL",359,1263,739,1137,1,457,0,0,127.3,40.16,28.42,58.51,0,0
NA,"INTERNAL","PEMERINTAH KABUPATEN PEGUNUNGAN ARFAK","TOTAL",319,879,658,488,12,90,0,0,28.21,18,36.29,74.86,0,0
NA,"INTERNAL","PEMERINTAH KABUPATEN PEGUNUNGAN BINTANG","TOTAL",30,2994,492,233,148,40,0,0,133.33,10.5,1,16.43,0,0
NA,"INTERNAL","PEMERINTAH KABUPATEN PEKALONGAN","TOTAL",336,1019,931,987,2,367,0,0,109.23,37.11,32.97,91.36,0,0
NA,"INTERNAL","PEMERINTAH KABUPATEN PELALAWAN","TOTAL",465,6440,4884,3862,33,943,0,0,202.8,24.21,7.22,75.84,0,0
NA,"INTERNAL","PEMERINTAH KABUPATEN PEMALANG","TOTAL",481,11819,2651,2259,14,716,0,0,148.86,31.5,4.07,22.43,0,0
NA,"INTERNAL","PEMERINTAH KABUPATEN PENAJAM PASER UTARA","TOTAL",452,4548,1094,1037,2,249,0,0,55.09,23.97,9.94,24.05,0,0
NA,"INTERNAL","PEMERINTAH KABUPATEN PENUKAL ABAB LEMATANG ILIR","TOTAL",402,2036,1638,1673,2,310,0,0,77.11,18.51,19.74,80.45,0,0
NA,"INTERNAL","PEMERINTAH KABUPATEN PESAWARAN","TOTAL",458,5265,2427,1985,21,456,0,0,99.56,22.73,8.7,46.1,0,0
NA,"INTERNAL","PEMERINTAH KABUPATEN PESISIR BARAT","TOTAL",318,873,696,757,3,249,0,0,78.3,32.76,36.43,79.73,0,0
NA,"INTERNAL","PEMERINTAH KABUPATEN PESISIR SELATAN","TOTAL",457,5118,1300,1164,11,403,0,0,88.18,34.3,8.93,25.4,0,0
NA,"INTERNAL","PEMERINTAH KABUPATEN PIDIE","TOTAL",468,7075,2589,2305,41,555,0,0,118.59,23.66,6.61,36.59,0,0
NA,"INTERNAL","PEMERINTAH KABUPATEN PIDIE JAYA","TOTAL",344,1094,969,940,2,377,0,0,109.59,40.02,31.44,88.57,0,0
NA,"INTERNAL","PEMERINTAH KABUPATEN PINRANG","TOTAL",404,2093,1569,1305,2,296,0,0,73.27,22.65,19.3,74.96,0,0
NA,"INTERNAL","PEMERINTAH KABUPATEN POHUWATO","TOTAL",390,1765,1608,1405,5,412,0,0,105.64,29.22,22.1,91.1,0,0
NA,"INTERNAL","PEMERINTAH KABUPATEN POLEWALI MANDAR","TOTAL",395,1863,1363,1138,9,432,0,0,109.37,37.66,21.2,73.16,0,0
NA,"INTERNAL","PEMERINTAH KABUPATEN PONOROGO","TOTAL",399,1950,1760,1646,0,744,0,0,186.47,45.2,20.46,90.26,0,0
NA,"INTERNAL","PEMERINTAH KABUPATEN POSO","TOTAL",461,11759,3709,2481,319,115,0,0,24.95,4.11,3.92,31.54,0,0
NA,"INTERNAL","PEMERINTAH KABUPATEN PRINGSEWU","TOTAL",362,1302,1102,1076,10,483,0,0,133.43,44.48,27.8,84.64,0,0
NA,"INTERNAL","PEMERINTAH KABUPATEN PROBOLINGGO","TOTAL",476,9436,2488,2270,6,1774,0,0,372.69,77.94,5.04,26.37,0,0
NA,"INTERNAL","PEMERINTAH KABUPATEN PULANG PISAU","TOTAL",430,3008,610,524,245,197,0,0,45.81,25.62,14.3,20.28,0,0
NA,"INTERNAL","PEMERINTAH KABUPATEN PULAU MOROTAI","TOTAL",323,937,882,816,11,196,0,0,60.68,23.7,34.47,94.13,0,0
NA,"INTERNAL","PEMERINTAH KABUPATEN PULAU TALIABU","TOTAL",364,1330,357,22,330,37,0,0,10.16,10.51,27.37,26.84,0,0
NA,"INTERNAL","PEMERINTAH KABUPATEN PUNCAK","TOTAL",399,1948,779,433,62,32,0,0,8.02,6.46,20.48,39.99,0,0
NA,"INTERNAL","PEMERINTAH KABUPATEN PUNCAK JAYA","TOTAL",325,923,685,403,3,32,0,0,9.85,7.88,35.21,74.21,0,0
NA,"INTERNAL","PEMERINTAH KABUPATEN PURBALINGGA","TOTAL",393,1829,1639,1657,2,1357,0,0,345.29,81.8,21.49,89.61,0,0
NA,"INTERNAL","PEMERINTAH KABUPATEN PURWAKARTA","TOTAL",445,3947,1613,1328,4,414,0,0,93.03,31.08,11.27,40.87,0,0
NA,"INTERNAL","PEMERINTAH KABUPATEN PURWOREJO","TOTAL",478,10195,2140,1906,2,1096,0,0,229.29,57.44,4.69,20.99,0,0
NA,"INTERNAL","PEMERINTAH KABUPATEN RAJA AMPAT","TOTAL",411,2269,1305,987,20,127,0,0,30.9,12.61,18.11,57.51,0,0
NA,"INTERNAL","PEMERINTAH KABUPATEN REJANG LEBONG","TOTAL",368,1386,974,876,4,471,0,0,127.99,53.52,26.55,70.27,0,0
NA,"INTERNAL","PEMERINTAH KABUPATEN REMBANG","TOTAL",381,1585,1383,1246,5,450,0,0,118.11,35.97,24.04,87.26,0,0
NA,"INTERNAL","PEMERINTAH KABUPATEN ROKAN HILIR","TOTAL",403,2053,1683,1560,13,554,0,0,137.47,35.22,19.63,81.98,0,0
NA,"INTERNAL","PEMERINTAH KABUPATEN ROKAN HULU","TOTAL",339,1120,1016,1182,0,408,0,0,120.35,34.52,30.27,90.71,0,0
NA,"INTERNAL","PEMERINTAH KABUPATEN ROTE NDAO","TOTAL",278,625,514,559,2,112,0,0,40.29,19.96,44.48,82.24,0,0
NA,"INTERNAL","PEMERINTAH KABUPATEN SABU RAIJUA","TOTAL",357,1235,672,650,1,177,0,0,49.58,27.19,28.91,54.41,0,0
NA,"INTERNAL","PEMERINTAH KABUPATEN SAMBAS","TOTAL",463,6033,920,758,0,294,0,0,63.5,38.79,7.67,15.25,0,0
NA,"INTERNAL","PEMERINTAH KABUPATEN SAMOSIR","TOTAL",357,1238,983,933,5,330,0,0,92.44,35.18,28.84,79.4,0,0
NA,"INTERNAL","PEMERINTAH KABUPATEN SAMPANG","TOTAL",383,1633,1353,1214,4,784,0,0,204.7,64.37,23.45,82.85,0,0
NA,"INTERNAL","PEMERINTAH KABUPATEN SANGGAU","TOTAL",394,1849,1438,1346,5,303,0,0,76.9,22.43,21.31,77.77,0,0
NA,"INTERNAL","PEMERINTAH KABUPATEN SARMI","TOTAL",405,2102,0,5,188,4,0,0,0.99,2.07,19.27,0,0,0
NA,"INTERNAL","PEMERINTAH KABUPATEN SAROLANGUN","TOTAL",391,1776,1243,1371,9,331,0,0,84.65,23.99,22.02,69.99,0,0
NA,"INTERNAL","PEMERINTAH KABUPATEN SEKADAU","TOTAL",336,1016,755,729,1,312,0,0,92.86,42.74,33.07,74.31,0,0
NA,"INTERNAL","PEMERINTAH KABUPATEN SELUMA","TOTAL",392,1805,682,692,15,261,0,0,66.58,36.92,21.72,37.78,0,0
NA,"INTERNAL","PEMERINTAH KABUPATEN SEMARANG","TOTAL",480,10879,907,1343,15,577,0,0,120.21,42.49,4.41,8.34,0,0
NA,"INTERNAL","PEMERINTAH KABUPATEN SERAM BAGIAN BARAT","TOTAL",272,673,621,692,4,124,0,0,45.59,17.82,40.42,92.27,0,0
NA,"INTERNAL","PEMERINTAH KABUPATEN SERAM BAGIAN TIMUR","TOTAL",328,953,824,607,71,101,0,0,30.79,14.9,34.42,86.46,0,0
NA,"INTERNAL","PEMERINTAH KABUPATEN SERANG","TOTAL",474,8625,2285,1944,13,481,0,0,101.48,24.58,5.5,26.49,0,0
NA,"INTERNAL","PEMERINTAH KABUPATEN SERDANG BEDAGAI","TOTAL",340,1053,879,825,1,452,0,0,132.94,54.72,32.29,83.48,0,0
NA,"INTERNAL","PEMERINTAH KABUPATEN SERUYAN","TOTAL",401,2003,1813,1588,3,499,0,0,124.44,31.36,20.02,90.51,0,0
NA,"INTERNAL","PEMERINTAH KABUPATEN SIAK","TOTAL",429,2969,2503,2231,14,629,0,0,146.62,28.02,14.45,84.3,0,0
NA,"INTERNAL","PEMERINTAH KABUPATEN SIDENRENG RAPPANG","TOTAL",450,4409,921,880,3,502,0,0,111.56,56.85,10.21,20.89,0,0
NA,"INTERNAL","PEMERINTAH KABUPATEN SIDOARJO","TOTAL",455,4874,3250,2979,14,705,0,0,154.95,23.55,9.34,66.68,0,0
NA,"INTERNAL","PEMERINTAH KABUPATEN SIGI","TOTAL",414,2387,1526,1167,8,219,0,0,52.9,18.64,17.34,63.93,0,0
NA,"INTERNAL","PEMERINTAH KABUPATEN SIJUNJUNG","TOTAL",341,1069,829,953,1,332,0,0,97.36,34.8,31.9,77.55,0,0
NA,"INTERNAL","PEMERINTAH KABUPATEN SIKKA","TOTAL",30,1979,1310,1005,10,114,0,0,380,11.23,1.52,66.2,0,0
NA,"INTERNAL","PEMERINTAH KABUPATEN SIMALUNGUN","TOTAL",377,1516,1343,1351,0,215,0,0,57.03,15.91,24.87,88.59,0,0
NA,"INTERNAL","PEMERINTAH KABUPATEN SIMEULUE","TOTAL",388,1726,1523,1363,5,824,0,0,212.37,60.23,22.48,88.24,0,0
NA,"INTERNAL","PEMERINTAH KABUPATEN SINJAI","TOTAL",405,2096,1602,1506,8,255,0,0,62.96,16.84,19.32,76.43,0,0
NA,"INTERNAL","PEMERINTAH KABUPATEN SINTANG","TOTAL",420,2595,1687,1492,1,318,0,0,75.71,21.3,16.18,65.01,0,0
NA,"INTERNAL","PEMERINTAH KABUPATEN SITUBONDO","TOTAL",413,2347,1995,1857,8,491,0,0,118.89,26.33,17.6,85,0,0
NA,"INTERNAL","PEMERINTAH KABUPATEN SLEMAN","TOTAL",477,9627,2740,2108,16,688,0,0,144.23,32.39,4.95,28.46,0,0
NA,"INTERNAL","PEMERINTAH KABUPATEN SOLOK","TOTAL",401,2005,1843,1861,3,973,0,0,242.64,52.2,20,91.92,0,0
NA,"INTERNAL","PEMERINTAH KABUPATEN SOLOK SELATAN","TOTAL",418,2498,1003,980,1,494,0,0,118.18,50.36,16.73,40.15,0,0
NA,"INTERNAL","PEMERINTAH KABUPATEN SOPPENG","TOTAL",83,100,93,611,0,250,0,0,301.2,40.92,83,93,0,0
NA,"INTERNAL","PEMERINTAH KABUPATEN SORONG","TOTAL",30,1517,1384,871,1,107,0,0,356.67,12.27,1.98,91.23,0,0
NA,"INTERNAL","PEMERINTAH KABUPATEN SORONG SELATAN","TOTAL",354,1204,485,666,38,67,0,0,18.93,9.52,29.4,40.28,0,0
NA,"INTERNAL","PEMERINTAH KABUPATEN SRAGEN","TOTAL",404,2085,1878,1575,35,1024,0,0,253.47,63.6,19.38,90.07,0,0
NA,"INTERNAL","PEMERINTAH KABUPATEN SUBANG","TOTAL",415,2413,2027,1908,4,793,0,0,191.08,41.47,17.2,84,0,0
NA,"INTERNAL","PEMERINTAH KABUPATEN SUKABUMI","TOTAL",428,2985,2268,2171,16,495,0,0,115.65,22.63,14.34,75.98,0,0
NA,"INTERNAL","PEMERINTAH KABUPATEN SUKAMARA","TOTAL",400,1986,871,873,14,303,0,0,75.75,34.16,20.14,43.86,0,0
NA,"INTERNAL","PEMERINTAH KABUPATEN SUKOHARJO","TOTAL",360,1284,1107,1068,0,441,0,0,122.5,41.29,28.04,86.21,0,0
NA,"INTERNAL","PEMERINTAH KABUPATEN SUMBA BARAT","TOTAL",432,3102,1026,790,38,235,0,0,54.4,28.38,13.93,33.08,0,0
NA,"INTERNAL","PEMERINTAH KABUPATEN SUMBA BARAT DAYA","TOTAL",319,878,779,713,0,160,0,0,50.16,22.44,36.33,88.72,0,0
NA,"INTERNAL","PEMERINTAH KABUPATEN SUMBA TENGAH","TOTAL",289,683,593,542,9,289,0,0,100,52.45,42.31,86.82,0,0
NA,"INTERNAL","PEMERINTAH KABUPATEN SUMBA TIMUR","TOTAL",444,3865,1021,936,5,151,0,0,34.01,16.05,11.49,26.42,0,0
NA,"INTERNAL","PEMERINTAH KABUPATEN SUMBAWA","TOTAL",220,394,353,669,13,99,0,0,45,14.52,55.84,89.59,0,0
NA,"INTERNAL","PEMERINTAH KABUPATEN SUMBAWA BARAT","TOTAL",395,1873,1689,1620,2,412,0,0,104.3,25.4,21.09,90.18,0,0
NA,"INTERNAL","PEMERINTAH KABUPATEN SUMEDANG","TOTAL",406,2133,1854,1765,5,803,0,0,197.78,45.37,19.03,86.92,0,0
NA,"INTERNAL","PEMERINTAH KABUPATEN SUMENEP","TOTAL",405,2105,1539,1552,1,1054,0,0,260.25,67.87,19.24,73.11,0,0
NA,"INTERNAL","PEMERINTAH KABUPATEN SUPIORI","TOTAL",305,779,589,415,31,69,0,0,22.62,15.47,39.15,75.61,0,0
NA,"INTERNAL","PEMERINTAH KABUPATEN TABALONG","TOTAL",454,4776,1521,1224,94,373,0,0,82.16,28.3,9.51,31.85,0,0
NA,"INTERNAL","PEMERINTAH KABUPATEN TABANAN","TOTAL",465,6456,2437,2251,2,1279,0,0,275.05,56.77,7.2,37.75,0,0
NA,"INTERNAL","PEMERINTAH KABUPATEN TAKALAR","TOTAL",330,967,531,499,1,97,0,0,29.39,19.4,34.13,54.91,0,0
NA,"INTERNAL","PEMERINTAH KABUPATEN TAMBRAUW","TOTAL",264,586,468,329,1,63,0,0,23.86,19.09,45.05,79.86,0,0
NA,"INTERNAL","PEMERINTAH KABUPATEN TANA TIDUNG","TOTAL",361,1288,742,865,0,147,0,0,40.72,16.99,28.03,57.61,0,0
NA,"INTERNAL","PEMERINTAH KABUPATEN TANA TORAJA","TOTAL",331,974,894,846,1,232,0,0,70.09,27.39,33.98,91.79,0,0
NA,"INTERNAL","PEMERINTAH KABUPATEN TANAH BUMBU","TOTAL",424,2739,1846,1735,5,349,0,0,82.31,20.06,15.48,67.4,0,0
NA,"INTERNAL","PEMERINTAH KABUPATEN TANAH DATAR","TOTAL",173,264,155,553,0,337,0,0,194.8,60.94,65.53,58.71,0,0
NA,"INTERNAL","PEMERINTAH KABUPATEN TANAH LAUT","TOTAL",387,1700,1403,1285,5,473,0,0,122.22,36.67,22.76,82.53,0,0
NA,"INTERNAL","PEMERINTAH KABUPATEN TANGERANG","TOTAL",438,3486,1973,2192,6,750,0,0,171.23,34.12,12.56,56.6,0,0
NA,"INTERNAL","PEMERINTAH KABUPATEN TANGGAMUS","TOTAL",412,2310,1970,1751,0,527,0,0,127.91,30.1,17.84,85.28,0,0
NA,"INTERNAL","PEMERINTAH KABUPATEN TANJUNG JABUNG BARAT","TOTAL",386,1753,1623,1369,8,442,0,0,114.51,32.1,22.02,92.58,0,0
NA,"INTERNAL","PEMERINTAH KABUPATEN TANJUNG JABUNG TIMUR","TOTAL",343,1087,721,484,0,317,0,0,92.42,65.5,31.55,66.33,0,0
NA,"INTERNAL","PEMERINTAH KABUPATEN TAPANULI SELATAN","TOTAL",385,1664,1325,1275,0,1036,0,0,269.09,81.25,23.14,79.63,0,0
NA,"INTERNAL","PEMERINTAH KABUPATEN TAPANULI TENGAH","TOTAL",453,4694,825,622,96,141,0,0,31.13,19.64,9.65,17.58,0,0
NA,"INTERNAL","PEMERINTAH KABUPATEN TAPANULI UTARA","TOTAL",463,6058,1142,810,27,291,0,0,62.85,34.77,7.64,18.85,0,0
NA,"INTERNAL","PEMERINTAH KABUPATEN TAPIN","TOTAL",410,2246,1910,1793,5,421,0,0,102.68,23.41,18.25,85.04,0,0
NA,"INTERNAL","PEMERINTAH KABUPATEN TASIKMALAYA","TOTAL",483,13176,1733,1634,2,443,0,0,91.72,27.08,3.67,13.15,0,0
NA,"INTERNAL","PEMERINTAH KABUPATEN TEBO","TOTAL",437,3379,1287,1100,4,470,0,0,107.55,42.57,12.93,38.09,0,0
NA,"INTERNAL","PEMERINTAH KABUPATEN TEGAL","TOTAL",473,8247,1460,1534,6,669,0,0,141.44,43.44,5.74,17.7,0,0
NA,"INTERNAL","PEMERINTAH KABUPATEN TELUK BINTUNI","TOTAL",161,307,162,283,126,36,0,0,22.36,8.8,52.44,52.77,0,0
NA,"INTERNAL","PEMERINTAH KABUPATEN TELUK WONDAMA","TOTAL",198,385,269,212,8,48,0,0,24.24,21.82,51.43,69.87,0,0
NA,"INTERNAL","PEMERINTAH KABUPATEN TEMANGGUNG","TOTAL",446,4067,1556,1409,36,485,0,0,108.74,33.56,10.97,38.26,0,0
NA,"INTERNAL","PEMERINTAH KABUPATEN TIMOR TENGAH SELATAN","TOTAL",479,10593,2093,1832,2,284,0,0,59.29,15.49,4.52,19.76,0,0
NA,"INTERNAL","PEMERINTAH KABUPATEN TIMOR TENGAH UTARA","TOTAL",370,1410,1253,960,0,103,0,0,27.84,10.73,26.24,88.87,0,0
NA,"INTERNAL","PEMERINTAH KABUPATEN TOBA","TOTAL",373,1454,1039,983,2,341,0,0,91.42,34.62,25.65,71.46,0,0
NA,"INTERNAL","PEMERINTAH KABUPATEN TOJO UNA-UNA","TOTAL",444,3890,1191,821,12,149,0,0,33.56,17.89,11.41,30.62,0,0
NA,"INTERNAL","PEMERINTAH KABUPATEN TOLIKARA","TOTAL",30,2776,632,461,0,29,0,0,96.67,6.29,1.08,22.77,0,0
NA,"INTERNAL","PEMERINTAH KABUPATEN TOLITOLI","TOTAL",334,1004,932,1095,5,189,0,0,56.59,17.18,33.27,92.83,0,0
NA,"INTERNAL","PEMERINTAH KABUPATEN TORAJA UTARA","TOTAL",364,1333,1244,1015,3,207,0,0,56.87,20.33,27.31,93.32,0,0
NA,"INTERNAL","PEMERINTAH KABUPATEN TRENGGALEK","TOTAL",391,1767,1316,1231,4,414,0,0,105.88,33.52,22.13,74.48,0,0
NA,"INTERNAL","PEMERINTAH KABUPATEN TUBAN","TOTAL",385,1662,1524,1470,0,750,0,0,194.81,51.02,23.16,91.7,0,0
NA,"INTERNAL","PEMERINTAH KABUPATEN TULANG BAWANG","TOTAL",399,1943,1549,1371,1,814,0,0,204.01,59.33,20.54,79.72,0,0
NA,"INTERNAL","PEMERINTAH KABUPATEN TULANG BAWANG BARAT","TOTAL",200,335,275,524,1,169,0,0,84.5,32.19,59.7,82.09,0,0
NA,"INTERNAL","PEMERINTAH KABUPATEN TULUNGAGUNG","TOTAL",317,865,569,1458,2,323,0,0,101.89,22.12,36.65,65.78,0,0
NA,"INTERNAL","PEMERINTAH KABUPATEN WAJO","TOTAL",30,4814,993,987,0,97,0,0,323.33,9.83,0.62,20.63,0,0
NA,"INTERNAL","PEMERINTAH KABUPATEN WAKATOBI","TOTAL",380,1567,767,732,0,275,0,0,72.37,37.57,24.25,48.95,0,0
NA,"INTERNAL","PEMERINTAH KABUPATEN WAROPEN","TOTAL",229,424,357,279,10,42,0,0,18.34,14.53,54.01,84.2,0,0
NA,"INTERNAL","PEMERINTAH KABUPATEN WAY KANAN","TOTAL",404,2073,1235,1022,5,314,0,0,77.72,30.57,19.49,59.58,0,0
NA,"INTERNAL","PEMERINTAH KABUPATEN WONOGIRI","TOTAL",399,2329,1758,1611,2,768,0,0,192.48,47.61,17.13,75.48,0,0
NA,"INTERNAL","PEMERINTAH KABUPATEN WONOSOBO","TOTAL",472,8126,1415,1276,3,418,0,0,88.56,32.68,5.81,17.41,0,0
NA,"INTERNAL","PEMERINTAH KABUPATEN YAHUKIMO","TOTAL",179,280,204,158,2,31,0,0,17.32,19.38,63.93,72.86,0,0
NA,"INTERNAL","PEMERINTAH KABUPATEN YALIMO","TOTAL",30,0,0,6,0,1,0,0,3.33,16.67,Inf,NA,0,0
NA,"INTERNAL","PEMERINTAH KOTA AMBON","TOTAL",385,1653,1384,1384,8,174,0,0,45.19,12.5,23.29,83.73,0,0
NA,"INTERNAL","PEMERINTAH KOTA BALIKPAPAN","TOTAL",466,6623,1263,1201,5,346,0,0,74.25,28.69,7.04,19.07,0,0
NA,"INTERNAL","PEMERINTAH KOTA BANDA ACEH","TOTAL",381,1590,1348,1179,17,534,0,0,140.16,44.65,23.96,84.78,0,0
NA,"INTERNAL","PEMERINTAH KOTA BANDAR LAMPUNG","TOTAL",444,3889,3370,2915,10,291,0,0,65.54,9.95,11.42,86.65,0,0
NA,"INTERNAL","PEMERINTAH KOTA BANDUNG","TOTAL",480,11221,3879,3222,23,983,0,0,204.79,30.29,4.28,34.57,0,0
NA,"INTERNAL","PEMERINTAH KOTA BANJAR","TOTAL",363,1315,1056,1132,2,428,0,0,117.91,37.74,27.6,80.3,0,0
NA,"INTERNAL","PEMERINTAH KOTA BANJARBARU","TOTAL",463,5961,2066,1712,2,413,0,0,89.2,24.1,7.77,34.66,0,0
NA,"INTERNAL","PEMERINTAH KOTA BANJARMASIN","TOTAL",463,6088,1606,1488,2,581,0,0,125.49,38.99,7.61,26.38,0,0
NA,"INTERNAL","PEMERINTAH KOTA BATAM","TOTAL",416,2438,2297,2356,2,557,0,0,133.89,23.62,17.06,94.22,0,0
NA,"INTERNAL","PEMERINTAH KOTA BATU","TOTAL",410,2238,1753,1755,1,511,0,0,124.63,29.1,18.32,78.33,0,0
NA,"INTERNAL","PEMERINTAH KOTA BAUBAU","TOTAL",363,1317,1095,938,4,375,0,0,103.31,39.81,27.56,83.14,0,0
NA,"INTERNAL","PEMERINTAH KOTA BEKASI","TOTAL",467,6676,2009,1895,19,571,0,0,122.27,29.83,7,30.09,0,0
NA,"INTERNAL","PEMERINTAH KOTA BENGKULU","TOTAL",412,2299,1519,1524,5,518,0,0,125.73,33.88,17.92,66.07,0,0
NA,"INTERNAL","PEMERINTAH KOTA BIMA","TOTAL",400,1968,1269,1147,3,307,0,0,76.75,26.7,20.33,64.48,0,0
NA,"INTERNAL","PEMERINTAH KOTA BINJAI","TOTAL",442,3726,2749,2714,1,758,0,0,171.49,27.92,11.86,73.78,0,0
NA,"INTERNAL","PEMERINTAH KOTA BITUNG","TOTAL",332,1093,921,943,3,116,0,0,34.94,12.26,30.38,84.26,0,0
NA,"INTERNAL","PEMERINTAH KOTA BLITAR","TOTAL",320,886,748,695,3,334,0,0,104.38,47.85,36.12,84.42,0,0
NA,"INTERNAL","PEMERINTAH KOTA BOGOR","TOTAL",392,1798,1561,1418,4,324,0,0,82.65,22.78,21.8,86.82,0,0
NA,"INTERNAL","PEMERINTAH KOTA BONTANG","TOTAL",440,3583,1532,1729,47,1204,0,0,273.64,67.79,12.28,42.76,0,0
NA,"INTERNAL","PEMERINTAH KOTA BUKITTINGGI","TOTAL",393,1827,1525,1353,8,466,0,0,118.58,34.24,21.51,83.47,0,0
NA,"INTERNAL","PEMERINTAH KOTA CILEGON","TOTAL",449,4299,1402,1259,27,495,0,0,110.24,38.49,10.44,32.61,0,0
NA,"INTERNAL","PEMERINTAH KOTA CIMAHI","TOTAL",405,2102,1636,1319,9,417,0,0,102.96,31.4,19.27,77.83,0,0
NA,"INTERNAL","PEMERINTAH KOTA CIREBON","TOTAL",375,1492,1368,1314,9,293,0,0,78.13,22.15,25.13,91.69,0,0
NA,"INTERNAL","PEMERINTAH KOTA DENPASAR","TOTAL",465,6464,1908,2879,7,1924,0,0,413.76,66.67,7.19,29.52,0,0
NA,"INTERNAL","PEMERINTAH KOTA DEPOK","TOTAL",459,5421,2871,2807,3,368,0,0,80.17,13.1,8.47,52.96,0,0
NA,"INTERNAL","PEMERINTAH KOTA DUMAI","TOTAL",374,1474,943,825,6,503,0,0,134.49,60.53,25.37,63.98,0,0
NA,"INTERNAL","PEMERINTAH KOTA GORONTALO","TOTAL",447,4108,1495,1621,9,358,0,0,80.09,21.96,10.88,36.39,0,0
NA,"INTERNAL","PEMERINTAH KOTA GUNUNG SITOLI","TOTAL",430,3035,985,834,7,607,0,0,141.16,72.18,14.17,32.45,0,0
NA,"INTERNAL","PEMERINTAH KOTA JAMBI","TOTAL",370,10812,2424,2251,9,564,0,0,152.43,24.96,3.42,22.42,0,0
NA,"INTERNAL","PEMERINTAH KOTA JAYAPURA","TOTAL",408,2078,1687,1392,11,359,0,0,87.99,25.59,19.63,81.18,0,0
NA,"INTERNAL","PEMERINTAH KOTA KEDIRI","TOTAL",439,3493,1628,1663,0,386,0,0,87.93,23.21,12.57,46.61,0,0
NA,"INTERNAL","PEMERINTAH KOTA KENDARI","TOTAL",437,3426,3173,2697,2,1438,0,0,329.06,53.28,12.76,92.62,0,0
NA,"INTERNAL","PEMERINTAH KOTA KOTAMOBAGU","TOTAL",297,730,621,689,0,204,0,0,68.69,29.61,40.68,85.07,0,0
NA,"INTERNAL","PEMERINTAH KOTA KUPANG","TOTAL",419,2554,2272,2004,4,408,0,0,97.37,20.32,16.41,88.96,0,0
NA,"INTERNAL","PEMERINTAH KOTA LANGSA","TOTAL",397,1913,789,820,2,446,0,0,112.34,54.26,20.75,41.24,0,0
NA,"INTERNAL","PEMERINTAH KOTA LHOKSEUMAWE","TOTAL",382,1600,1474,1377,0,338,0,0,88.48,24.55,23.88,92.12,0,0
NA,"INTERNAL","PEMERINTAH KOTA LUBUKLINGGAU","TOTAL",409,2223,1681,1297,3,203,0,0,49.63,15.62,18.4,75.62,0,0
NA,"INTERNAL","PEMERINTAH KOTA MADIUN","TOTAL",365,1341,848,857,3,367,0,0,100.55,42.67,27.22,63.24,0,0
NA,"INTERNAL","PEMERINTAH KOTA MAGELANG","TOTAL",389,1741,842,885,1,464,0,0,119.28,52.37,22.34,48.36,0,0
NA,"INTERNAL","PEMERINTAH KOTA MAKASSAR","TOTAL",486,15451,10852,9101,51,763,0,0,157,8.34,3.15,70.23,0,0
NA,"INTERNAL","PEMERINTAH KOTA MALANG","TOTAL",470,7526,3164,2875,13,1373,0,0,292.13,47.54,6.25,42.04,0,0
NA,"INTERNAL","PEMERINTAH KOTA MANADO","TOTAL",460,5581,1544,1459,24,367,0,0,79.78,24.75,8.24,27.67,0,0
NA,"INTERNAL","PEMERINTAH KOTA MATARAM","TOTAL",444,3898,2632,2284,14,450,0,0,101.35,19.58,11.39,67.52,0,0
NA,"INTERNAL","PEMERINTAH KOTA MEDAN","TOTAL",491,23887,8770,7322,108,592,0,0,120.57,7.97,2.06,36.71,0,0
NA,"INTERNAL","PEMERINTAH KOTA METRO","TOTAL",440,3593,1308,988,22,230,0,0,52.27,22.77,12.25,36.4,0,0
NA,"INTERNAL","PEMERINTAH KOTA MOJOKERTO","TOTAL",297,727,563,588,0,387,0,0,130.3,65.82,40.85,77.44,0,0
NA,"INTERNAL","PEMERINTAH KOTA PADANG","TOTAL",427,2892,1565,1644,52,558,0,0,130.68,32.9,14.76,54.11,0,0
NA,"INTERNAL","PEMERINTAH KOTA PADANG PANJANG","TOTAL",321,892,791,754,1,298,0,0,92.83,39.47,35.99,88.68,0,0
NA,"INTERNAL","PEMERINTAH KOTA PADANGSIDIMPUAN","TOTAL",419,2543,1780,1536,4,504,0,0,120.29,32.73,16.48,70,0,0
NA,"INTERNAL","PEMERINTAH KOTA PAGAR ALAM","TOTAL",425,2800,1112,803,198,248,0,0,58.35,24.78,15.18,39.71,0,0
NA,"INTERNAL","PEMERINTAH KOTA PALANGKA RAYA","TOTAL",466,6639,2434,2047,10,382,0,0,81.97,18.57,7.02,36.66,0,0
NA,"INTERNAL","PEMERINTAH KOTA PALEMBANG","TOTAL",445,3957,2306,2158,3,693,0,0,155.73,32.07,11.25,58.28,0,0
NA,"INTERNAL","PEMERINTAH KOTA PALOPO","TOTAL",425,2807,2410,2236,1,160,0,0,37.65,7.15,15.14,85.86,0,0
NA,"INTERNAL","PEMERINTAH KOTA PALU","TOTAL",357,1236,467,1005,2,294,0,0,82.35,29.2,28.88,37.78,0,0
NA,"INTERNAL","PEMERINTAH KOTA PANGKALPINANG","TOTAL",432,3132,2158,1880,12,480,0,0,111.11,25.37,13.79,68.9,0,0
NA,"INTERNAL","PEMERINTAH KOTA PAREPARE","TOTAL",423,2712,797,736,0,312,0,0,73.76,42.39,15.6,29.39,0,0
NA,"INTERNAL","PEMERINTAH KOTA PARIAMAN","TOTAL",419,2562,1266,1063,32,204,0,0,48.69,18.63,16.35,49.41,0,0
NA,"INTERNAL","PEMERINTAH KOTA PASURUAN","TOTAL",376,1509,1360,1311,0,473,0,0,125.8,36.08,24.92,90.13,0,0
NA,"INTERNAL","PEMERINTAH KOTA PAYAKUMBUH","TOTAL",359,1264,1148,1143,1,335,0,0,93.31,29.28,28.4,90.82,0,0
NA,"INTERNAL","PEMERINTAH KOTA PEKALONGAN","TOTAL",365,1343,1185,1198,2,581,0,0,159.18,48.42,27.18,88.24,0,0
NA,"INTERNAL","PEMERINTAH KOTA PEKANBARU","TOTAL",420,2582,2109,1845,46,404,0,0,96.19,21.36,16.27,81.68,0,0
NA,"INTERNAL","PEMERINTAH KOTA PEMATANGSIANTAR","TOTAL",384,1644,1320,1187,2,717,0,0,186.72,60.3,23.36,80.29,0,0
NA,"INTERNAL","PEMERINTAH KOTA PONTIANAK","TOTAL",469,7264,2506,2219,3,462,0,0,98.51,20.79,6.46,34.5,0,0
NA,"INTERNAL","PEMERINTAH KOTA PRABUMULIH","TOTAL",355,1222,1110,1414,0,365,0,0,102.82,25.81,29.05,90.83,0,0
NA,"INTERNAL","PEMERINTAH KOTA PROBOLINGGO","TOTAL",432,3100,1868,1635,1,1108,0,0,256.48,67.73,13.94,60.26,0,0
NA,"INTERNAL","PEMERINTAH KOTA SABANG","TOTAL",403,2053,1067,924,3,256,0,0,63.52,27.62,19.63,51.97,0,0
NA,"INTERNAL","PEMERINTAH KOTA SALATIGA","TOTAL",430,3021,1206,1050,2,506,0,0,117.67,48.1,14.23,39.92,0,0
NA,"INTERNAL","PEMERINTAH KOTA SAMARINDA","TOTAL",478,10282,2259,2331,0,567,0,0,118.62,24.32,4.65,21.97,0,0
NA,"INTERNAL","PEMERINTAH KOTA SAWAHLUNTO","TOTAL",406,2122,1053,1012,4,516,0,0,127.09,50.79,19.13,49.62,0,0
NA,"INTERNAL","PEMERINTAH KOTA SEMARANG","TOTAL",426,2811,2396,2696,1,864,0,0,202.82,32.04,15.15,85.24,0,0
NA,"INTERNAL","PEMERINTAH KOTA SERANG","TOTAL",416,2425,1975,1747,16,319,0,0,76.68,18.09,17.15,81.44,0,0
NA,"INTERNAL","PEMERINTAH KOTA SIBOLGA","TOTAL",327,941,866,666,6,213,0,0,65.14,31.7,34.75,92.03,0,0
NA,"INTERNAL","PEMERINTAH KOTA SINGKAWANG","TOTAL",380,1568,913,761,11,383,0,0,100.79,49.61,24.23,58.23,0,0
NA,"INTERNAL","PEMERINTAH KOTA SOLOK","TOTAL",367,1366,1221,1213,3,460,0,0,125.34,37.83,26.87,89.39,0,0
NA,"INTERNAL","PEMERINTAH KOTA SORONG","TOTAL",30,1603,1251,1046,21,126,0,0,420,11.81,1.87,78.04,0,0
NA,"INTERNAL","PEMERINTAH KOTA SUBULUSSALAM","TOTAL",421,3914,788,549,70,113,0,0,26.84,18.26,10.76,20.13,0,0
NA,"INTERNAL","PEMERINTAH KOTA SUKABUMI","TOTAL",429,2953,1459,1332,4,521,0,0,121.45,39,14.53,49.41,0,0
NA,"INTERNAL","PEMERINTAH KOTA SUNGAI PENUH","TOTAL",398,1921,1009,973,6,316,0,0,79.4,32.28,20.72,52.52,0,0
NA,"INTERNAL","PEMERINTAH KOTA SURABAYA","TOTAL",451,4514,4046,4233,2,2213,0,0,490.69,52.26,9.99,89.63,0,0
NA,"INTERNAL","PEMERINTAH KOTA SURAKARTA","TOTAL",390,1761,1620,1553,2,774,0,0,198.46,49.77,22.15,91.99,0,0
NA,"INTERNAL","PEMERINTAH KOTA TANGERANG","TOTAL",400,1985,1639,1670,110,472,0,0,118,26.52,20.15,82.57,0,0
NA,"INTERNAL","PEMERINTAH KOTA TANGERANG SELATAN","TOTAL",452,4553,3471,3167,54,1033,0,0,228.54,32.07,9.93,76.24,0,0
NA,"INTERNAL","PEMERINTAH KOTA TANJUNG PINANG","TOTAL",421,2637,1803,1877,21,461,0,0,109.5,24.29,15.97,68.37,0,0
NA,"INTERNAL","PEMERINTAH KOTA TANJUNGBALAI","TOTAL",390,1925,1418,1150,0,505,0,0,129.49,43.91,20.26,73.66,0,0
NA,"INTERNAL","PEMERINTAH KOTA TARAKAN","TOTAL",393,1815,806,799,2,370,0,0,94.15,46.19,21.65,44.41,0,0
NA,"INTERNAL","PEMERINTAH KOTA TASIKMALAYA","TOTAL",375,1493,1251,1329,6,291,0,0,77.6,21.8,25.12,83.79,0,0
NA,"INTERNAL","PEMERINTAH KOTA TEBING TINGGI","TOTAL",434,3205,1178,979,1,481,0,0,110.83,49.08,13.54,36.76,0,0
NA,"INTERNAL","PEMERINTAH KOTA TEGAL","TOTAL",380,1565,1316,1210,2,441,0,0,116.05,36.39,24.28,84.09,0,0
NA,"INTERNAL","PEMERINTAH KOTA TERNATE","TOTAL",376,1498,1360,1256,4,104,0,0,27.66,8.25,25.1,90.79,0,0
NA,"INTERNAL","PEMERINTAH KOTA TIDORE KEPULAUAN","TOTAL",339,1050,737,650,3,68,0,0,20.06,10.41,32.29,70.19,0,0
NA,"INTERNAL","PEMERINTAH KOTA TOMOHON","TOTAL",358,1259,973,950,14,229,0,0,63.97,23.76,28.44,77.28,0,0
NA,"INTERNAL","PEMERINTAH KOTA TUAL","TOTAL",296,724,607,548,73,141,0,0,47.64,22.71,40.88,83.84,0,0
NA,"INTERNAL","PEMERINTAH KOTA YOGYAKARTA","TOTAL",409,2210,1762,1737,3,1314,0,0,321.27,75.52,18.51,79.73,0,0
NA,"INTERNAL","PEMERINTAH PROVINSI ACEH","TOTAL",493,28123,7482,6292,100,699,0,0,141.78,10.94,1.75,26.6,0,0
NA,"INTERNAL","PEMERINTAH PROVINSI BALI","TOTAL",484,14057,8294,7525,19,2133,0,0,440.7,28.27,3.44,59,0,0
NA,"INTERNAL","PEMERINTAH PROVINSI BANTEN","TOTAL",489,20021,6481,5603,3,1645,0,0,336.4,29.34,2.44,32.37,0,0
NA,"INTERNAL","PEMERINTAH PROVINSI BENGKULU","TOTAL",478,10143,1165,1622,69,538,0,0,112.55,31.82,4.71,11.49,0,0
NA,"INTERNAL","PEMERINTAH PROVINSI D.I. YOGYAKARTA","TOTAL",449,4282,3626,3352,1,1757,0,0,391.31,52.4,10.49,84.68,0,0
NA,"INTERNAL","PEMERINTAH PROVINSI DKI JAKARTA","TOTAL",490,20897,18481,18225,50,4551,0,0,928.78,24.9,2.34,88.44,0,0
NA,"INTERNAL","PEMERINTAH PROVINSI GORONTALO","TOTAL",466,6494,2508,2261,12,527,0,0,113.09,23.19,7.18,38.62,0,0
NA,"INTERNAL","PEMERINTAH PROVINSI JAMBI","TOTAL",454,4793,3130,3660,15,1263,0,0,278.19,34.37,9.47,65.3,0,0
NA,"INTERNAL","PEMERINTAH PROVINSI JAWA BARAT","TOTAL",497,48646,8287,7137,65,2568,0,0,516.7,35.66,1.02,17.04,0,0
NA,"INTERNAL","PEMERINTAH PROVINSI JAWA TENGAH","TOTAL",449,4267,3882,3953,2,1657,0,0,369.04,41.9,10.52,90.98,0,0
NA,"INTERNAL","PEMERINTAH PROVINSI JAWA TIMUR","TOTAL",483,12817,10718,9323,17,3046,0,0,630.64,32.61,3.77,83.62,0,0
NA,"INTERNAL","PEMERINTAH PROVINSI KALIMANTAN BARAT","TOTAL",485,14931,5301,4284,26,592,0,0,122.06,13.74,3.25,35.5,0,0
NA,"INTERNAL","PEMERINTAH PROVINSI KALIMANTAN SELATAN","TOTAL",474,8726,7025,6288,27,928,0,0,195.78,14.7,5.43,80.51,0,0
NA,"INTERNAL","PEMERINTAH PROVINSI KALIMANTAN TENGAH","TOTAL",396,1892,1735,2003,5,507,0,0,128.03,25.25,20.93,91.7,0,0
NA,"INTERNAL","PEMERINTAH PROVINSI KALIMANTAN TIMUR","TOTAL",427,2857,2580,2385,6,404,0,0,94.61,16.9,14.95,90.3,0,0
NA,"INTERNAL","PEMERINTAH PROVINSI KALIMANTAN UTARA","TOTAL",391,1774,1652,1903,0,401,0,0,102.56,21.07,22.04,93.12,0,0
NA,"INTERNAL","PEMERINTAH PROVINSI KEPULAUAN BANGKA BELITUNG","TOTAL",437,3402,2513,2443,1,455,0,0,104.12,18.62,12.85,73.87,0,0
NA,"INTERNAL","PEMERINTAH PROVINSI KEPULAUAN RIAU","TOTAL",465,6451,3906,3669,5,1503,0,0,323.23,40.91,7.21,60.55,0,0
NA,"INTERNAL","PEMERINTAH PROVINSI LAMPUNG","TOTAL",479,10754,4180,3286,12,692,0,0,144.47,20.98,4.45,38.87,0,0
NA,"INTERNAL","PEMERINTAH PROVINSI MALUKU","TOTAL",481,11671,2733,1852,287,243,0,0,50.52,11.36,4.12,23.42,0,0
NA,"INTERNAL","PEMERINTAH PROVINSI MALUKU UTARA","TOTAL",415,2406,2232,1946,11,382,0,0,92.05,19.52,17.25,92.77,0,0
NA,"INTERNAL","PEMERINTAH PROVINSI NUSA TENGGARA BARAT","TOTAL",471,7700,4090,3521,13,528,0,0,112.1,14.94,6.12,53.12,0,0
NA,"INTERNAL","PEMERINTAH PROVINSI NUSA TENGGARA TIMUR","TOTAL",395,1855,1677,1415,1,188,0,0,47.59,13.28,21.29,90.4,0,0
NA,"INTERNAL","PEMERINTAH PROVINSI PAPUA","TOTAL",439,3616,3358,2761,66,305,0,0,69.48,10.79,12.14,92.87,0,0
NA,"INTERNAL","PEMERINTAH PROVINSI PAPUA BARAT","TOTAL",198,1172,1018,1056,13,199,0,0,100.51,18.62,16.89,86.86,0,0
NA,"INTERNAL","PEMERINTAH PROVINSI PAPUA BARAT DAYA","TOTAL",30,0,0,0,0,0,0,0,0,0,Inf,NA,0,0
NA,"INTERNAL","PEMERINTAH PROVINSI PAPUA PEGUNUNGAN","TOTAL",280,636,560,479,5,58,0,0,20.71,11.98,44.03,88.05,0,0
NA,"INTERNAL","PEMERINTAH PROVINSI PAPUA SELATAN","TOTAL",234,439,297,326,0,66,0,0,28.21,20.25,53.3,67.65,0,0
NA,"INTERNAL","PEMERINTAH PROVINSI PAPUA TENGAH","TOTAL",348,1404,1172,1076,3,156,0,0,44.83,14.46,24.79,83.48,0,0
NA,"INTERNAL","PEMERINTAH PROVINSI RIAU","TOTAL",489,18991,9318,3346,5992,863,0,0,176.48,9.24,2.57,49.07,0,0
NA,"INTERNAL","PEMERINTAH PROVINSI SULAWESI BARAT","TOTAL",341,1063,886,1702,5,451,0,0,132.26,26.42,32.08,83.35,0,0
NA,"INTERNAL","PEMERINTAH PROVINSI SULAWESI SELATAN","TOTAL",465,6402,5879,5151,64,511,0,0,109.89,9.8,7.26,91.83,0,0
NA,"INTERNAL","PEMERINTAH PROVINSI SULAWESI TENGAH","TOTAL",480,11054,4732,3923,147,506,0,0,105.42,12.43,4.34,42.81,0,0
NA,"INTERNAL","PEMERINTAH PROVINSI SULAWESI TENGGARA","TOTAL",433,3160,1594,1558,4,324,0,0,74.83,20.74,13.7,50.44,0,0
NA,"INTERNAL","PEMERINTAH PROVINSI SULAWESI UTARA","TOTAL",479,10431,7461,6385,15,610,0,0,127.35,9.53,4.59,71.53,0,0
NA,"INTERNAL","PEMERINTAH PROVINSI SUMATERA BARAT","TOTAL",402,3109,1955,1942,4,525,0,0,130.6,26.98,12.93,62.88,0,0
NA,"INTERNAL","PEMERINTAH PROVINSI SUMATERA SELATAN","TOTAL",464,6191,5306,4969,15,549,0,0,118.32,11.02,7.49,85.71,0,0
NA,"INTERNAL","PEMERINTAH PROVINSI SUMATERA UTARA","TOTAL",476,9140,3199,4821,6,883,0,0,185.5,18.29,5.21,35,0,0
NA,"INTERNAL","PERPUSTAKAAN NASIONAL REPUBLIK INDONESIA","TOTAL",311,818,791,735,0,313,0,0,100.64,42.59,38.02,96.7,0,0
NA,"INTERNAL","PUSAT PELAPORAN DAN ANALISIS TRANSAKSI KEUANGAN (PPATK)","TOTAL",229,422,422,0,422,242,0,0,105.68,57.35,54.27,100,0,0
NA,"INTERNAL","SEKRETARIAT JENDERAL DPD RI","TOTAL",278,625,585,510,0,217,0,0,78.06,42.55,44.48,93.6,0,0
NA,"INTERNAL","SEKRETARIAT JENDERAL DPR RI","TOTAL",392,1792,1786,1690,2,1113,0,0,283.93,65.78,21.88,99.67,0,0
NA,"INTERNAL","SEKRETARIAT JENDERAL MPR-RI","TOTAL",231,430,400,335,0,137,0,0,59.31,40.9,53.72,93.02,0,0
NA,"INTERNAL","SEKRETARIAT KABINET","TOTAL",251,504,500,469,0,179,0,0,71.31,38.17,49.8,99.21,0,0
NA,"INTERNAL","TENTARA NASIONAL INDONESIA","TOTAL",1,1,0,2,0,1,0,0,100,50,100,0,0,0
NA,"INTERNAL","SELURUH K/L/PD PESERTA SPI 2024","SELURUH K/L/PD PESERTA SPI 2024",274670,2647626,1464479,1252832,91126,431857,0,0,157.23,32.13,10.37,55.31,0,0
